"Date and Time Run 1","Time (s) Run 1","Position, Ch C:1 (m) Run 1","Velocity, Ch C:1 (m/s) Run 1","Acceleration, Ch C:1 (m/s²) Run 1"
10/05/2023 01:16:07 pm,0.000,0.15,,
10/05/2023 01:16:07 pm,0.025,0.15,0.13,
10/05/2023 01:16:07 pm,0.050,0.15,0.13,-0.04
10/05/2023 01:16:07 pm,0.075,0.16,0.13,-0.06
10/05/2023 01:16:07 pm,0.100,0.16,0.12,0.08
10/05/2023 01:16:07 pm,0.125,0.16,0.13,0.18
10/05/2023 01:16:07 pm,0.150,0.17,0.14,-0.09
10/05/2023 01:16:07 pm,0.175,0.17,0.13,-0.69
10/05/2023 01:16:07 pm,0.200,0.17,0.10,-0.85
10/05/2023 01:16:07 pm,0.225,0.18,0.06,-0.23
10/05/2023 01:16:07 pm,0.250,0.17,0.08,0.61
10/05/2023 01:16:07 pm,0.275,0.18,0.12,0.73
10/05/2023 01:16:07 pm,0.300,0.18,0.14,0.11
10/05/2023 01:16:07 pm,0.325,0.19,0.12,-0.40
10/05/2023 01:16:07 pm,0.350,0.19,0.10,-0.48
10/05/2023 01:16:07 pm,0.375,0.19,0.09,-0.34
10/05/2023 01:16:07 pm,0.400,0.19,0.09,-0.30
10/05/2023 01:16:07 pm,0.425,0.19,0.08,-0.30
10/05/2023 01:16:07 pm,0.450,0.20,0.07,-0.24
10/05/2023 01:16:07 pm,0.475,0.20,0.07,-0.18
10/05/2023 01:16:07 pm,0.500,0.20,0.06,-0.17
10/05/2023 01:16:07 pm,0.525,0.20,0.06,-0.20
10/05/2023 01:16:07 pm,0.550,0.20,0.05,-0.21
10/05/2023 01:16:07 pm,0.575,0.20,0.05,-0.17
10/05/2023 01:16:07 pm,0.600,0.20,0.04,-0.08
10/05/2023 01:16:07 pm,0.625,0.21,0.04,-0.01
10/05/2023 01:16:07 pm,0.650,0.21,0.04,-0.03
10/05/2023 01:16:07 pm,0.675,0.21,0.04,0.03
10/05/2023 01:16:07 pm,0.700,0.21,0.04,0.26
10/05/2023 01:16:07 pm,0.725,0.21,0.05,0.32
10/05/2023 01:16:07 pm,0.750,0.21,0.07,-0.12
10/05/2023 01:16:07 pm,0.775,0.21,0.06,-0.75
10/05/2023 01:16:07 pm,0.800,0.22,0.02,-0.65
10/05/2023 01:16:07 pm,0.825,0.21,0.00,0.26
10/05/2023 01:16:07 pm,0.850,0.21,0.03,0.96
10/05/2023 01:16:07 pm,0.875,0.21,0.08,0.77
10/05/2023 01:16:07 pm,0.900,0.22,0.08,-0.14
10/05/2023 01:16:07 pm,0.925,0.22,0.06,-0.87
10/05/2023 01:16:07 pm,0.950,0.22,0.03,-1.01
10/05/2023 01:16:07 pm,0.975,0.22,4.58E-4,-0.59
10/05/2023 01:16:08 pm,1.000,0.22,-0.01,0.10
10/05/2023 01:16:08 pm,1.025,0.22,0.01,0.46
10/05/2023 01:16:08 pm,1.050,0.22,0.03,0.41
10/05/2023 01:16:08 pm,1.075,0.22,0.03,0.16
10/05/2023 01:16:08 pm,1.100,0.22,0.03,0.16
10/05/2023 01:16:08 pm,1.125,0.22,0.03,0.42
10/05/2023 01:16:08 pm,1.150,0.22,0.05,0.54
10/05/2023 01:16:08 pm,1.175,0.23,0.07,0.21
10/05/2023 01:16:08 pm,1.200,0.23,0.07,-0.39
10/05/2023 01:16:08 pm,1.225,0.23,0.05,-0.68
10/05/2023 01:16:08 pm,1.250,0.23,0.02,-0.60
10/05/2023 01:16:08 pm,1.275,0.23,0.02,-0.51
10/05/2023 01:16:08 pm,1.300,0.23,0.01,-0.51
10/05/2023 01:16:08 pm,1.325,0.23,-0.01,-0.20
10/05/2023 01:16:08 pm,1.350,0.23,-0.02,0.53
10/05/2023 01:16:08 pm,1.375,0.23,0.02,0.98
10/05/2023 01:16:08 pm,1.400,0.23,0.06,0.66
10/05/2023 01:16:08 pm,1.425,0.23,0.06,-0.10
10/05/2023 01:16:08 pm,1.450,0.24,0.04,-0.50
10/05/2023 01:16:08 pm,1.475,0.24,0.02,-0.39
10/05/2023 01:16:08 pm,1.500,0.24,0.02,-0.16
10/05/2023 01:16:08 pm,1.525,0.24,0.02,-0.03
10/05/2023 01:16:08 pm,1.550,0.24,0.02,0.04
10/05/2023 01:16:08 pm,1.575,0.24,0.02,0.10
10/05/2023 01:16:08 pm,1.600,0.24,0.02,0.06
10/05/2023 01:16:08 pm,1.625,0.24,0.02,-0.12
10/05/2023 01:16:08 pm,1.650,0.24,0.02,-0.34
10/05/2023 01:16:08 pm,1.675,0.24,0.00,-0.37
10/05/2023 01:16:08 pm,1.700,0.24,-0.01,-0.03
10/05/2023 01:16:08 pm,1.725,0.24,0.00,0.52
10/05/2023 01:16:08 pm,1.750,0.24,0.02,0.78
10/05/2023 01:16:08 pm,1.775,0.24,0.05,0.74
10/05/2023 01:16:08 pm,1.800,0.24,0.06,0.67
10/05/2023 01:16:08 pm,1.825,0.24,0.08,0.62
10/05/2023 01:16:08 pm,1.850,0.24,0.10,0.37
10/05/2023 01:16:08 pm,1.875,0.25,0.10,-0.11
10/05/2023 01:16:08 pm,1.900,0.25,0.09,-0.34
10/05/2023 01:16:08 pm,1.925,0.25,0.07,-0.16
10/05/2023 01:16:08 pm,1.950,0.25,0.08,0.17
10/05/2023 01:16:08 pm,1.975,0.26,0.09,0.29
10/05/2023 01:16:09 pm,2.000,0.26,0.10,0.15
10/05/2023 01:16:09 pm,2.025,0.26,0.10,0.04
10/05/2023 01:16:09 pm,2.050,0.26,0.09,0.04
10/05/2023 01:16:09 pm,2.075,0.27,0.10,0.17
10/05/2023 01:16:09 pm,2.100,0.27,0.10,0.15
10/05/2023 01:16:09 pm,2.125,0.27,0.11,-0.36
10/05/2023 01:16:09 pm,2.150,0.27,0.10,-1.21
10/05/2023 01:16:09 pm,2.175,0.28,0.04,-1.83
10/05/2023 01:16:09 pm,2.200,0.28,-0.01,-1.53
10/05/2023 01:16:09 pm,2.225,0.27,-0.05,-0.56
10/05/2023 01:16:09 pm,2.250,0.27,-0.04,0.14
10/05/2023 01:16:09 pm,2.275,0.27,-0.02,0.11
10/05/2023 01:16:09 pm,2.300,0.27,-0.02,-0.38
10/05/2023 01:16:09 pm,2.325,0.27,-0.05,-0.62
10/05/2023 01:16:09 pm,2.350,0.27,-0.07,-0.36
10/05/2023 01:16:09 pm,2.375,0.27,-0.07,0.17
10/05/2023 01:16:09 pm,2.400,0.27,-0.05,0.49
10/05/2023 01:16:09 pm,2.425,0.27,-0.03,0.49
10/05/2023 01:16:09 pm,2.450,0.26,-0.03,0.35
10/05/2023 01:16:09 pm,2.475,0.26,-0.02,0.21
10/05/2023 01:16:09 pm,2.500,0.26,-0.01,0.11
10/05/2023 01:16:09 pm,2.525,0.26,-0.01,0.02
10/05/2023 01:16:09 pm,2.550,0.26,-0.02,-0.01
10/05/2023 01:16:09 pm,2.575,0.26,-0.02,-0.03
10/05/2023 01:16:09 pm,2.600,0.26,-0.02,-0.12
10/05/2023 01:16:09 pm,2.625,0.26,-0.02,-0.26
10/05/2023 01:16:09 pm,2.650,0.26,-0.03,-0.31
10/05/2023 01:16:09 pm,2.675,0.26,-0.04,-0.18
10/05/2023 01:16:09 pm,2.700,0.26,-0.04,0.06
10/05/2023 01:16:09 pm,2.725,0.26,-0.04,0.22
10/05/2023 01:16:09 pm,2.750,0.26,-0.03,0.24
10/05/2023 01:16:09 pm,2.775,0.26,-0.02,0.20
10/05/2023 01:16:09 pm,2.800,0.26,-0.02,0.19
10/05/2023 01:16:09 pm,2.825,0.26,-0.01,0.19
10/05/2023 01:16:09 pm,2.850,0.26,-0.01,0.12
10/05/2023 01:16:09 pm,2.875,0.26,-0.01,0.02
10/05/2023 01:16:09 pm,2.900,0.26,-0.01,-0.02
10/05/2023 01:16:09 pm,2.925,0.26,-0.01,0.04
10/05/2023 01:16:09 pm,2.950,0.26,-0.01,0.13
10/05/2023 01:16:09 pm,2.975,0.25,0.00,0.18
10/05/2023 01:16:10 pm,3.000,0.26,0.00,0.01
10/05/2023 01:16:10 pm,3.025,0.26,0.01,-0.35
10/05/2023 01:16:10 pm,3.050,0.26,-0.01,-0.61
10/05/2023 01:16:10 pm,3.075,0.26,-0.04,-0.41
10/05/2023 01:16:10 pm,3.100,0.25,-0.04,0.17
10/05/2023 01:16:10 pm,3.125,0.25,-0.02,0.52
10/05/2023 01:16:10 pm,3.150,0.25,0.00,0.37
10/05/2023 01:16:10 pm,3.175,0.25,0.00,-0.07
10/05/2023 01:16:10 pm,3.200,0.25,-0.01,-0.48
10/05/2023 01:16:10 pm,3.225,0.25,-0.03,-0.77
10/05/2023 01:16:10 pm,3.250,0.25,-0.05,-1.00
10/05/2023 01:16:10 pm,3.275,0.25,-0.08,-1.03
10/05/2023 01:16:10 pm,3.300,0.25,-0.11,-0.87
10/05/2023 01:16:10 pm,3.325,0.24,-0.12,-0.75
10/05/2023 01:16:10 pm,3.350,0.24,-0.14,-1.07
10/05/2023 01:16:10 pm,3.375,0.24,-0.16,-1.80
10/05/2023 01:16:10 pm,3.400,0.23,-0.23,-2.24
10/05/2023 01:16:10 pm,3.425,0.23,-0.30,-2.04
10/05/2023 01:16:10 pm,3.450,0.22,-0.33,-1.47
10/05/2023 01:16:10 pm,3.475,0.21,-0.36,-1.08
10/05/2023 01:16:10 pm,3.500,0.20,-0.38,-0.88
10/05/2023 01:16:10 pm,3.525,0.19,-0.41,-0.60
10/05/2023 01:16:10 pm,3.550,0.18,-0.42,-0.51
10/05/2023 01:16:10 pm,3.575,0.17,-0.42,-0.62
10/05/2023 01:16:10 pm,3.600,0.16,-0.45,-0.78
10/05/2023 01:16:10 pm,3.625,0.15,-0.47,-0.77
10/05/2023 01:16:10 pm,3.650,0.13,-0.48,-0.69
10/05/2023 01:16:10 pm,3.675,0.12,-0.50,-0.70
10/05/2023 01:16:10 pm,3.700,0.11,-0.52,-0.62
10/05/2023 01:16:10 pm,3.725,0.10,-0.54,-0.59
10/05/2023 01:16:10 pm,3.750,0.08,-0.54,-0.60
10/05/2023 01:16:10 pm,3.775,0.07,-0.57,-0.56
10/05/2023 01:16:10 pm,3.800,0.05,-0.58,-0.39
10/05/2023 01:16:10 pm,3.825,0.04,-0.59,-0.14
10/05/2023 01:16:10 pm,3.850,0.03,-0.59,0.11
10/05/2023 01:16:10 pm,3.875,0.01,-0.58,0.38
10/05/2023 01:16:10 pm,3.900,0.00,-0.57,0.52
10/05/2023 01:16:10 pm,3.925,-0.02,-0.55,0.49
10/05/2023 01:16:10 pm,3.950,-0.03,-0.54,0.39
10/05/2023 01:16:10 pm,3.975,-0.04,-0.53,0.38
10/05/2023 01:16:11 pm,4.000,-0.06,-0.52,0.41
10/05/2023 01:16:11 pm,4.025,-0.07,-0.51,0.38
10/05/2023 01:16:11 pm,4.050,-0.08,-0.50,0.38
10/05/2023 01:16:11 pm,4.075,-0.10,-0.49,0.46
10/05/2023 01:16:11 pm,4.100,-0.11,-0.48,0.59
10/05/2023 01:16:11 pm,4.125,-0.12,-0.46,0.71
10/05/2023 01:16:11 pm,4.150,-0.13,-0.45,0.77
10/05/2023 01:16:11 pm,4.175,-0.14,-0.42,0.67
10/05/2023 01:16:11 pm,4.200,-0.15,-0.41,0.46
10/05/2023 01:16:11 pm,4.225,-0.16,-0.40,0.41
10/05/2023 01:16:11 pm,4.250,-0.17,-0.40,0.71
10/05/2023 01:16:11 pm,4.275,-0.18,-0.37,1.20
10/05/2023 01:16:11 pm,4.300,-0.19,-0.33,1.47
10/05/2023 01:16:11 pm,4.325,-0.20,-0.29,1.43
10/05/2023 01:16:11 pm,4.350,-0.21,-0.26,1.29
10/05/2023 01:16:11 pm,4.375,-0.21,-0.23,1.25
10/05/2023 01:16:11 pm,4.400,-0.22,-0.20,1.28
10/05/2023 01:16:11 pm,4.425,-0.22,-0.16,1.27
10/05/2023 01:16:11 pm,4.450,-0.23,-0.13,1.24
10/05/2023 01:16:11 pm,4.475,-0.23,-0.10,1.23
10/05/2023 01:16:11 pm,4.500,-0.23,-0.07,1.25
10/05/2023 01:16:11 pm,4.525,-0.23,-0.04,1.24
10/05/2023 01:16:11 pm,4.550,-0.23,-0.01,1.22
10/05/2023 01:16:11 pm,4.575,-0.23,0.02,1.21
10/05/2023 01:16:11 pm,4.600,-0.23,0.05,1.23
10/05/2023 01:16:11 pm,4.625,-0.23,0.08,1.24
10/05/2023 01:16:11 pm,4.650,-0.23,0.11,1.23
10/05/2023 01:16:11 pm,4.675,-0.22,0.14,1.24
10/05/2023 01:16:11 pm,4.700,-0.22,0.17,1.25
10/05/2023 01:16:11 pm,4.725,-0.22,0.21,1.23
10/05/2023 01:16:11 pm,4.750,-0.21,0.24,1.27
10/05/2023 01:16:11 pm,4.775,-0.20,0.27,1.39
10/05/2023 01:16:11 pm,4.800,-0.20,0.31,1.46
10/05/2023 01:16:11 pm,4.825,-0.19,0.35,1.24
10/05/2023 01:16:11 pm,4.850,-0.18,0.37,0.77
10/05/2023 01:16:11 pm,4.875,-0.17,0.38,0.43
10/05/2023 01:16:11 pm,4.900,-0.16,0.39,0.41
10/05/2023 01:16:11 pm,4.925,-0.15,0.40,0.58
10/05/2023 01:16:11 pm,4.950,-0.14,0.42,0.69
10/05/2023 01:16:11 pm,4.975,-0.13,0.44,0.67
10/05/2023 01:16:12 pm,5.000,-0.12,0.45,0.61
10/05/2023 01:16:12 pm,5.025,-0.11,0.47,0.51
10/05/2023 01:16:12 pm,5.050,-0.10,0.48,0.43
10/05/2023 01:16:12 pm,5.075,-0.08,0.49,0.39
10/05/2023 01:16:12 pm,5.100,-0.07,0.50,0.38
10/05/2023 01:16:12 pm,5.125,-0.06,0.51,0.38
10/05/2023 01:16:12 pm,5.150,-0.05,0.52,0.33
10/05/2023 01:16:12 pm,5.175,-0.03,0.52,0.33
10/05/2023 01:16:12 pm,5.200,-0.02,0.53,0.41
10/05/2023 01:16:12 pm,5.225,-0.01,0.54,0.39
10/05/2023 01:16:12 pm,5.250,0.01,0.56,0.13
10/05/2023 01:16:12 pm,5.275,0.02,0.55,-0.30
10/05/2023 01:16:12 pm,5.300,0.04,0.54,-0.44
10/05/2023 01:16:12 pm,5.325,0.05,0.52,-0.22
10/05/2023 01:16:12 pm,5.350,0.06,0.53,0.12
10/05/2023 01:16:12 pm,5.375,0.07,0.53,0.17
10/05/2023 01:16:12 pm,5.400,0.09,0.54,-0.27
10/05/2023 01:16:12 pm,5.425,0.10,0.53,-0.86
10/05/2023 01:16:12 pm,5.450,0.12,0.49,-1.29
10/05/2023 01:16:12 pm,5.475,0.13,0.45,-1.27
10/05/2023 01:16:12 pm,5.500,0.14,0.42,-0.99
10/05/2023 01:16:12 pm,5.525,0.15,0.41,-0.68
10/05/2023 01:16:12 pm,5.550,0.16,0.39,-0.46
10/05/2023 01:16:12 pm,5.575,0.17,0.38,-0.45
10/05/2023 01:16:12 pm,5.600,0.18,0.38,-0.72
10/05/2023 01:16:12 pm,5.625,0.19,0.35,-1.24
10/05/2023 01:16:12 pm,5.650,0.19,0.31,-1.57
10/05/2023 01:16:12 pm,5.675,0.20,0.26,-1.55
10/05/2023 01:16:12 pm,5.700,0.21,0.23,-1.33
10/05/2023 01:16:12 pm,5.725,0.21,0.20,-1.14
10/05/2023 01:16:12 pm,5.750,0.22,0.18,-1.07
10/05/2023 01:16:12 pm,5.775,0.22,0.15,-1.04
10/05/2023 01:16:12 pm,5.800,0.23,0.12,-1.08
10/05/2023 01:16:12 pm,5.825,0.23,0.10,-1.17
10/05/2023 01:16:12 pm,5.850,0.23,0.07,-1.28
10/05/2023 01:16:12 pm,5.875,0.23,0.03,-1.33
10/05/2023 01:16:12 pm,5.900,0.23,0.00,-1.30
10/05/2023 01:16:12 pm,5.925,0.23,-0.03,-1.35
10/05/2023 01:16:12 pm,5.950,0.23,-0.06,-1.54
10/05/2023 01:16:12 pm,5.975,0.23,-0.11,-1.69
10/05/2023 01:16:13 pm,6.000,0.23,-0.16,-1.49
10/05/2023 01:16:13 pm,6.025,0.22,-0.19,-1.01
10/05/2023 01:16:13 pm,6.050,0.22,-0.21,-0.66
10/05/2023 01:16:13 pm,6.075,0.21,-0.21,-0.64
10/05/2023 01:16:13 pm,6.100,0.20,-0.24,-0.79
10/05/2023 01:16:13 pm,6.125,0.20,-0.26,-0.92
10/05/2023 01:16:13 pm,6.150,0.19,-0.28,-0.96
10/05/2023 01:16:13 pm,6.175,0.18,-0.31,-0.99
10/05/2023 01:16:13 pm,6.200,0.18,-0.33,-0.93
10/05/2023 01:16:13 pm,6.225,0.17,-0.35,-0.82
10/05/2023 01:16:13 pm,6.250,0.16,-0.37,-0.85
10/05/2023 01:16:13 pm,6.275,0.15,-0.39,-1.07
10/05/2023 01:16:13 pm,6.300,0.14,-0.42,-1.23
10/05/2023 01:16:13 pm,6.325,0.13,-0.46,-0.97
10/05/2023 01:16:13 pm,6.350,0.12,-0.48,-0.49
10/05/2023 01:16:13 pm,6.375,0.10,-0.48,-0.31
10/05/2023 01:16:13 pm,6.400,0.09,-0.48,-0.47
10/05/2023 01:16:13 pm,6.425,0.08,-0.51,-0.49
10/05/2023 01:16:13 pm,6.450,0.07,-0.52,-0.26
10/05/2023 01:16:13 pm,6.475,0.05,-0.51,-0.18
10/05/2023 01:16:13 pm,6.500,0.04,-0.52,-0.28
10/05/2023 01:16:13 pm,6.525,0.03,-0.54,-0.20
10/05/2023 01:16:13 pm,6.550,0.01,-0.54,0.20
10/05/2023 01:16:13 pm,6.575,5.20E-4,-0.52,0.49
10/05/2023 01:16:13 pm,6.600,-0.01,-0.50,0.45
10/05/2023 01:16:13 pm,6.625,-0.02,-0.50,0.33
10/05/2023 01:16:13 pm,6.650,-0.04,-0.49,0.33
10/05/2023 01:16:13 pm,6.675,-0.05,-0.48,0.41
10/05/2023 01:16:13 pm,6.700,-0.06,-0.47,0.42
10/05/2023 01:16:13 pm,6.725,-0.07,-0.46,0.38
10/05/2023 01:16:13 pm,6.750,-0.08,-0.45,0.40
10/05/2023 01:16:13 pm,6.775,-0.10,-0.44,0.48
10/05/2023 01:16:13 pm,6.800,-0.11,-0.43,0.58
10/05/2023 01:16:13 pm,6.825,-0.12,-0.41,0.66
10/05/2023 01:16:13 pm,6.850,-0.13,-0.40,0.73
10/05/2023 01:16:13 pm,6.875,-0.14,-0.38,0.75
10/05/2023 01:16:13 pm,6.900,-0.15,-0.36,0.74
10/05/2023 01:16:13 pm,6.925,-0.15,-0.34,0.65
10/05/2023 01:16:13 pm,6.950,-0.16,-0.32,0.54
10/05/2023 01:16:13 pm,6.975,-0.17,-0.31,0.57
10/05/2023 01:16:14 pm,7.000,-0.18,-0.30,0.84
10/05/2023 01:16:14 pm,7.025,-0.19,-0.27,1.23
10/05/2023 01:16:14 pm,7.050,-0.19,-0.24,1.41
10/05/2023 01:16:14 pm,7.075,-0.20,-0.20,1.35
10/05/2023 01:16:14 pm,7.100,-0.20,-0.17,1.23
10/05/2023 01:16:14 pm,7.125,-0.21,-0.14,1.17
10/05/2023 01:16:14 pm,7.150,-0.21,-0.11,1.18
10/05/2023 01:16:14 pm,7.175,-0.21,-0.08,1.18
10/05/2023 01:16:14 pm,7.200,-0.21,-0.05,1.21
10/05/2023 01:16:14 pm,7.225,-0.21,-0.02,1.22
10/05/2023 01:16:14 pm,7.250,-0.21,0.01,1.19
10/05/2023 01:16:14 pm,7.275,-0.21,0.04,1.15
10/05/2023 01:16:14 pm,7.300,-0.21,0.07,1.13
10/05/2023 01:16:14 pm,7.325,-0.21,0.10,1.13
10/05/2023 01:16:14 pm,7.350,-0.21,0.13,1.12
10/05/2023 01:16:14 pm,7.375,-0.20,0.15,1.19
10/05/2023 01:16:14 pm,7.400,-0.20,0.18,1.35
10/05/2023 01:16:14 pm,7.425,-0.19,0.22,1.43
10/05/2023 01:16:14 pm,7.450,-0.19,0.26,1.23
10/05/2023 01:16:14 pm,7.475,-0.18,0.29,0.81
10/05/2023 01:16:14 pm,7.500,-0.17,0.30,0.52
10/05/2023 01:16:14 pm,7.525,-0.17,0.30,0.50
10/05/2023 01:16:14 pm,7.550,-0.16,0.32,0.62
10/05/2023 01:16:14 pm,7.575,-0.15,0.34,0.71
10/05/2023 01:16:14 pm,7.600,-0.14,0.36,0.72
10/05/2023 01:16:14 pm,7.625,-0.13,0.38,0.70
10/05/2023 01:16:14 pm,7.650,-0.12,0.39,0.66
10/05/2023 01:16:14 pm,7.675,-0.11,0.41,0.58
10/05/2023 01:16:14 pm,7.700,-0.10,0.42,0.48
10/05/2023 01:16:14 pm,7.725,-0.09,0.43,0.39
10/05/2023 01:16:14 pm,7.750,-0.08,0.44,0.35
10/05/2023 01:16:14 pm,7.775,-0.07,0.45,0.36
10/05/2023 01:16:14 pm,7.800,-0.06,0.46,0.36
10/05/2023 01:16:14 pm,7.825,-0.05,0.47,0.32
10/05/2023 01:16:14 pm,7.850,-0.04,0.47,0.34
10/05/2023 01:16:14 pm,7.875,-0.02,0.48,0.46
10/05/2023 01:16:14 pm,7.900,-0.01,0.50,0.48
10/05/2023 01:16:14 pm,7.925,7.81E-4,0.51,0.20
10/05/2023 01:16:14 pm,7.950,0.01,0.51,-0.20
10/05/2023 01:16:14 pm,7.975,0.03,0.49,-0.27
10/05/2023 01:16:15 pm,8.000,0.04,0.49,-0.12
10/05/2023 01:16:15 pm,8.025,0.05,0.50,-0.16
10/05/2023 01:16:15 pm,8.050,0.06,0.49,-0.54
10/05/2023 01:16:15 pm,8.075,0.08,0.47,-0.73
10/05/2023 01:16:15 pm,8.100,0.09,0.44,-0.48
10/05/2023 01:16:15 pm,8.125,0.10,0.44,-0.19
10/05/2023 01:16:15 pm,8.150,0.11,0.45,-0.33
10/05/2023 01:16:15 pm,8.175,0.12,0.43,-0.86
10/05/2023 01:16:15 pm,8.200,0.13,0.40,-1.07
10/05/2023 01:16:15 pm,8.225,0.14,0.36,-0.76
10/05/2023 01:16:15 pm,8.250,0.15,0.36,-0.43
10/05/2023 01:16:15 pm,8.275,0.16,0.36,-0.58
10/05/2023 01:16:15 pm,8.300,0.17,0.34,-1.10
10/05/2023 01:16:15 pm,8.325,0.18,0.29,-1.35
10/05/2023 01:16:15 pm,8.350,0.18,0.26,-1.25
10/05/2023 01:16:15 pm,8.375,0.19,0.23,-1.12
10/05/2023 01:16:15 pm,8.400,0.19,0.21,-1.14
10/05/2023 01:16:15 pm,8.425,0.20,0.18,-1.21
10/05/2023 01:16:15 pm,8.450,0.20,0.14,-1.16
10/05/2023 01:16:15 pm,8.475,0.21,0.12,-1.06
10/05/2023 01:16:15 pm,8.500,0.21,0.09,-1.02
10/05/2023 01:16:15 pm,8.525,0.21,0.07,-1.06
10/05/2023 01:16:15 pm,8.550,0.21,0.04,-1.14
10/05/2023 01:16:15 pm,8.575,0.21,0.01,-1.16
10/05/2023 01:16:15 pm,8.600,0.21,-0.02,-1.14
10/05/2023 01:16:15 pm,8.625,0.21,-0.05,-0.96
10/05/2023 01:16:15 pm,8.650,0.21,-0.07,-0.68
10/05/2023 01:16:15 pm,8.675,0.21,-0.08,-0.54
10/05/2023 01:16:15 pm,8.700,0.20,-0.09,-0.78
10/05/2023 01:16:15 pm,8.725,0.20,-0.11,-1.40
10/05/2023 01:16:15 pm,8.750,0.20,-0.16,-1.91
10/05/2023 01:16:15 pm,8.775,0.20,-0.22,-1.92
10/05/2023 01:16:15 pm,8.800,0.19,-0.27,-1.42
10/05/2023 01:16:15 pm,8.825,0.18,-0.29,-0.75
10/05/2023 01:16:15 pm,8.850,0.17,-0.30,-0.38
10/05/2023 01:16:15 pm,8.875,0.17,-0.30,-0.46
10/05/2023 01:16:15 pm,8.900,0.16,-0.32,-0.87
10/05/2023 01:16:15 pm,8.925,0.15,-0.35,-1.21
10/05/2023 01:16:15 pm,8.950,0.14,-0.39,-1.08
10/05/2023 01:16:15 pm,8.975,0.13,-0.41,-0.64
10/05/2023 01:16:16 pm,9.000,0.12,-0.41,-0.55
10/05/2023 01:16:16 pm,9.025,0.11,-0.42,-0.91
10/05/2023 01:16:16 pm,9.050,0.10,-0.46,-1.05
10/05/2023 01:16:16 pm,9.075,0.09,-0.50,-0.45
10/05/2023 01:16:16 pm,9.100,0.07,-0.49,0.31
10/05/2023 01:16:16 pm,9.125,0.06,-0.46,0.51
10/05/2023 01:16:16 pm,9.150,0.05,-0.45,0.24
10/05/2023 01:16:16 pm,9.175,0.04,-0.46,-0.10
10/05/2023 01:16:16 pm,9.200,0.03,-0.46,-0.34
10/05/2023 01:16:16 pm,9.225,0.02,-0.47,-0.43
10/05/2023 01:16:16 pm,9.250,0.01,-0.49,-0.22
10/05/2023 01:16:16 pm,9.275,-0.01,-0.49,0.25
10/05/2023 01:16:16 pm,9.300,-0.02,-0.47,0.57
10/05/2023 01:16:16 pm,9.325,-0.03,-0.45,0.58
10/05/2023 01:16:16 pm,9.350,-0.04,-0.44,0.46
10/05/2023 01:16:16 pm,9.375,-0.05,-0.43,0.39
10/05/2023 01:16:16 pm,9.400,-0.06,-0.42,0.37
10/05/2023 01:16:16 pm,9.425,-0.07,-0.41,0.36
10/05/2023 01:16:16 pm,9.450,-0.08,-0.41,0.40
10/05/2023 01:16:16 pm,9.475,-0.09,-0.39,0.47
10/05/2023 01:16:16 pm,9.500,-0.10,-0.38,0.55
10/05/2023 01:16:16 pm,9.525,-0.11,-0.37,0.62
10/05/2023 01:16:16 pm,9.550,-0.12,-0.35,0.69
10/05/2023 01:16:16 pm,9.575,-0.13,-0.33,0.75
10/05/2023 01:16:16 pm,9.600,-0.14,-0.31,0.80
10/05/2023 01:16:16 pm,9.625,-0.15,-0.29,0.83
10/05/2023 01:16:16 pm,9.650,-0.15,-0.27,0.82
10/05/2023 01:16:16 pm,9.675,-0.16,-0.25,0.80
10/05/2023 01:16:16 pm,9.700,-0.17,-0.23,0.72
10/05/2023 01:16:16 pm,9.725,-0.17,-0.21,0.59
10/05/2023 01:16:16 pm,9.750,-0.18,-0.20,0.57
10/05/2023 01:16:16 pm,9.775,-0.18,-0.19,0.81
10/05/2023 01:16:16 pm,9.800,-0.19,-0.17,1.21
10/05/2023 01:16:16 pm,9.825,-0.19,-0.13,1.43
10/05/2023 01:16:16 pm,9.850,-0.19,-0.09,1.36
10/05/2023 01:16:16 pm,9.875,-0.19,-0.06,1.19
10/05/2023 01:16:16 pm,9.900,-0.20,-0.03,1.10
10/05/2023 01:16:16 pm,9.925,-0.20,0.00,1.10
10/05/2023 01:16:16 pm,9.950,-0.20,0.02,1.09
10/05/2023 01:16:16 pm,9.975,-0.19,0.05,1.07
10/05/2023 01:16:17 pm,10.000,-0.19,0.08,1.11
10/05/2023 01:16:17 pm,10.025,-0.19,0.10,1.26
10/05/2023 01:16:17 pm,10.050,-0.19,0.14,1.35
10/05/2023 01:16:17 pm,10.075,-0.18,0.18,1.18
10/05/2023 01:16:17 pm,10.100,-0.18,0.20,0.79
10/05/2023 01:16:17 pm,10.125,-0.17,0.22,0.52
10/05/2023 01:16:17 pm,10.150,-0.17,0.22,0.53
10/05/2023 01:16:17 pm,10.175,-0.16,0.24,0.67
10/05/2023 01:16:17 pm,10.200,-0.16,0.26,0.76
10/05/2023 01:16:17 pm,10.225,-0.15,0.28,0.76
10/05/2023 01:16:17 pm,10.250,-0.14,0.30,0.73
10/05/2023 01:16:17 pm,10.275,-0.13,0.32,0.70
10/05/2023 01:16:17 pm,10.300,-0.13,0.33,0.65
10/05/2023 01:16:17 pm,10.325,-0.12,0.35,0.60
10/05/2023 01:16:17 pm,10.350,-0.11,0.36,0.55
10/05/2023 01:16:17 pm,10.375,-0.10,0.38,0.48
10/05/2023 01:16:17 pm,10.400,-0.09,0.39,0.41
10/05/2023 01:16:17 pm,10.425,-0.08,0.40,0.35
10/05/2023 01:16:17 pm,10.450,-0.07,0.40,0.31
10/05/2023 01:16:17 pm,10.475,-0.06,0.41,0.31
10/05/2023 01:16:17 pm,10.500,-0.05,0.42,0.29
10/05/2023 01:16:17 pm,10.525,-0.04,0.43,0.24
10/05/2023 01:16:17 pm,10.550,-0.03,0.43,0.16
10/05/2023 01:16:17 pm,10.575,-0.02,0.43,0.18
10/05/2023 01:16:17 pm,10.600,-0.01,0.44,0.33
10/05/2023 01:16:17 pm,10.625,0.00,0.45,0.39
10/05/2023 01:16:17 pm,10.650,0.02,0.47,0.13
10/05/2023 01:16:17 pm,10.675,0.03,0.46,-0.25
10/05/2023 01:16:17 pm,10.700,0.04,0.44,-0.31
10/05/2023 01:16:17 pm,10.725,0.05,0.44,-0.13
10/05/2023 01:16:17 pm,10.750,0.06,0.45,-0.14
10/05/2023 01:16:17 pm,10.775,0.07,0.44,-0.52
10/05/2023 01:16:17 pm,10.800,0.08,0.42,-0.87
10/05/2023 01:16:17 pm,10.825,0.09,0.39,-0.81
10/05/2023 01:16:17 pm,10.850,0.10,0.37,-0.51
10/05/2023 01:16:17 pm,10.875,0.11,0.37,-0.31
10/05/2023 01:16:17 pm,10.900,0.12,0.36,-0.48
10/05/2023 01:16:17 pm,10.925,0.13,0.35,-0.88
10/05/2023 01:16:17 pm,10.950,0.14,0.32,-1.11
10/05/2023 01:16:17 pm,10.975,0.15,0.28,-1.06
10/05/2023 01:16:18 pm,11.000,0.15,0.26,-0.87
10/05/2023 01:16:18 pm,11.025,0.16,0.24,-0.78
10/05/2023 01:16:18 pm,11.050,0.16,0.22,-0.69
10/05/2023 01:16:18 pm,11.075,0.17,0.20,-0.50
10/05/2023 01:16:18 pm,11.100,0.17,0.20,-0.30
10/05/2023 01:16:18 pm,11.125,0.18,0.19,-0.30
10/05/2023 01:16:18 pm,11.150,0.19,0.19,-0.51
10/05/2023 01:16:18 pm,11.175,0.19,0.17,-0.86
10/05/2023 01:16:18 pm,11.200,0.19,0.15,-1.43
10/05/2023 01:16:18 pm,11.225,0.20,0.11,-2.12
10/05/2023 01:16:18 pm,11.250,0.20,0.04,-2.55
10/05/2023 01:16:18 pm,11.275,0.20,-0.04,-2.31
10/05/2023 01:16:18 pm,11.300,0.20,-0.09,-1.65
10/05/2023 01:16:18 pm,11.325,0.19,-0.11,-1.00
10/05/2023 01:16:18 pm,11.350,0.19,-0.14,-0.56
10/05/2023 01:16:18 pm,11.375,0.19,-0.14,-0.25
10/05/2023 01:16:18 pm,11.400,0.18,-0.15,-0.15
10/05/2023 01:16:18 pm,11.425,0.18,-0.14,-0.34
10/05/2023 01:16:18 pm,11.450,0.18,-0.16,-0.67
10/05/2023 01:16:18 pm,11.475,0.17,-0.18,-0.90
10/05/2023 01:16:18 pm,11.500,0.17,-0.21,-0.91
10/05/2023 01:16:18 pm,11.525,0.16,-0.23,-0.83
10/05/2023 01:16:18 pm,11.550,0.15,-0.25,-0.73
10/05/2023 01:16:18 pm,11.575,0.15,-0.27,-0.78
10/05/2023 01:16:18 pm,11.600,0.14,-0.28,-0.99
10/05/2023 01:16:18 pm,11.625,0.13,-0.31,-1.10
10/05/2023 01:16:18 pm,11.650,0.13,-0.35,-0.88
10/05/2023 01:16:18 pm,11.675,0.12,-0.36,-0.43
10/05/2023 01:16:18 pm,11.700,0.11,-0.36,-0.27
10/05/2023 01:16:18 pm,11.725,0.10,-0.36,-0.54
10/05/2023 01:16:18 pm,11.750,0.09,-0.39,-0.78
10/05/2023 01:16:18 pm,11.775,0.08,-0.42,-0.61
10/05/2023 01:16:18 pm,11.800,0.07,-0.43,-0.13
10/05/2023 01:16:18 pm,11.825,0.06,-0.42,0.18
10/05/2023 01:16:18 pm,11.850,0.05,-0.41,0.06
10/05/2023 01:16:18 pm,11.875,0.04,-0.41,-0.29
10/05/2023 01:16:18 pm,11.900,0.03,-0.43,-0.48
10/05/2023 01:16:18 pm,11.925,0.02,-0.44,-0.28
10/05/2023 01:16:18 pm,11.950,0.00,-0.45,0.16
10/05/2023 01:16:18 pm,11.975,-0.01,-0.43,0.44
10/05/2023 01:16:19 pm,12.000,-0.02,-0.41,0.43
10/05/2023 01:16:19 pm,12.025,-0.03,-0.41,0.32
10/05/2023 01:16:19 pm,12.050,-0.04,-0.40,0.30
10/05/2023 01:16:19 pm,12.075,-0.05,-0.39,0.37
10/05/2023 01:16:19 pm,12.100,-0.06,-0.38,0.42
10/05/2023 01:16:19 pm,12.125,-0.07,-0.37,0.42
10/05/2023 01:16:19 pm,12.150,-0.08,-0.36,0.41
10/05/2023 01:16:19 pm,12.175,-0.08,-0.35,0.40
10/05/2023 01:16:19 pm,12.200,-0.09,-0.34,0.44
10/05/2023 01:16:19 pm,12.225,-0.10,-0.33,0.50
10/05/2023 01:16:19 pm,12.250,-0.11,-0.32,0.57
10/05/2023 01:16:19 pm,12.275,-0.12,-0.30,0.65
10/05/2023 01:16:19 pm,12.300,-0.12,-0.29,0.73
10/05/2023 01:16:19 pm,12.325,-0.13,-0.27,0.78
10/05/2023 01:16:19 pm,12.350,-0.14,-0.25,0.80
10/05/2023 01:16:19 pm,12.375,-0.14,-0.23,0.80
10/05/2023 01:16:19 pm,12.400,-0.15,-0.21,0.80
10/05/2023 01:16:19 pm,12.425,-0.15,-0.19,0.83
10/05/2023 01:16:19 pm,12.450,-0.16,-0.16,0.83
10/05/2023 01:16:19 pm,12.475,-0.16,-0.14,0.83
10/05/2023 01:16:19 pm,12.500,-0.17,-0.12,0.86
10/05/2023 01:16:19 pm,12.525,-0.17,-0.10,0.90
10/05/2023 01:16:19 pm,12.550,-0.17,-0.08,0.95
10/05/2023 01:16:19 pm,12.575,-0.17,-0.05,0.96
10/05/2023 01:16:19 pm,12.600,-0.17,-0.03,0.96
10/05/2023 01:16:19 pm,12.625,-0.17,-0.01,0.96
10/05/2023 01:16:19 pm,12.650,-0.17,0.02,0.96
10/05/2023 01:16:19 pm,12.675,-0.17,0.04,0.94
10/05/2023 01:16:19 pm,12.700,-0.17,0.07,0.92
10/05/2023 01:16:19 pm,12.725,-0.17,0.09,0.88
10/05/2023 01:16:19 pm,12.750,-0.17,0.11,0.84
10/05/2023 01:16:19 pm,12.775,-0.16,0.13,0.81
10/05/2023 01:16:19 pm,12.800,-0.16,0.15,0.79
10/05/2023 01:16:19 pm,12.825,-0.16,0.17,0.79
10/05/2023 01:16:19 pm,12.850,-0.15,0.19,0.78
10/05/2023 01:16:19 pm,12.875,-0.15,0.21,0.77
10/05/2023 01:16:19 pm,12.900,-0.14,0.23,0.75
10/05/2023 01:16:19 pm,12.925,-0.14,0.25,0.71
10/05/2023 01:16:19 pm,12.950,-0.13,0.26,0.67
10/05/2023 01:16:19 pm,12.975,-0.12,0.28,0.64
10/05/2023 01:16:20 pm,13.000,-0.12,0.30,0.60
10/05/2023 01:16:20 pm,13.025,-0.11,0.31,0.55
10/05/2023 01:16:20 pm,13.050,-0.10,0.32,0.48
10/05/2023 01:16:20 pm,13.075,-0.09,0.34,0.41
10/05/2023 01:16:20 pm,13.100,-0.08,0.34,0.36
10/05/2023 01:16:20 pm,13.125,-0.07,0.35,0.33
10/05/2023 01:16:20 pm,13.150,-0.07,0.36,0.33
10/05/2023 01:16:20 pm,13.175,-0.06,0.37,0.33
10/05/2023 01:16:20 pm,13.200,-0.05,0.38,0.30
10/05/2023 01:16:20 pm,13.225,-0.04,0.38,0.23
10/05/2023 01:16:20 pm,13.250,-0.03,0.39,0.14
10/05/2023 01:16:20 pm,13.275,-0.02,0.39,0.16
10/05/2023 01:16:20 pm,13.300,-0.01,0.39,0.32
10/05/2023 01:16:20 pm,13.325,0.00,0.41,0.38
10/05/2023 01:16:20 pm,13.350,0.01,0.42,0.14
10/05/2023 01:16:20 pm,13.375,0.02,0.42,-0.32
10/05/2023 01:16:20 pm,13.400,0.03,0.40,-0.47
10/05/2023 01:16:20 pm,13.425,0.04,0.38,-0.23
10/05/2023 01:16:20 pm,13.450,0.05,0.39,0.01
10/05/2023 01:16:20 pm,13.475,0.06,0.40,-0.13
10/05/2023 01:16:20 pm,13.500,0.07,0.39,-0.61
10/05/2023 01:16:20 pm,13.525,0.08,0.36,-0.88
10/05/2023 01:16:20 pm,13.550,0.09,0.33,-0.81
10/05/2023 01:16:20 pm,13.575,0.10,0.32,-0.61
10/05/2023 01:16:20 pm,13.600,0.11,0.31,-0.56
10/05/2023 01:16:20 pm,13.625,0.11,0.29,-0.58
10/05/2023 01:16:20 pm,13.650,0.12,0.27,-0.45
10/05/2023 01:16:20 pm,13.675,0.13,0.27,-0.32
10/05/2023 01:16:20 pm,13.700,0.13,0.27,-0.48
10/05/2023 01:16:20 pm,13.725,0.14,0.25,-0.91
10/05/2023 01:16:20 pm,13.750,0.15,0.22,-1.17
10/05/2023 01:16:20 pm,13.775,0.15,0.18,-1.10
10/05/2023 01:16:20 pm,13.800,0.16,0.16,-0.93
10/05/2023 01:16:20 pm,13.825,0.16,0.14,-0.85
10/05/2023 01:16:20 pm,13.850,0.16,0.12,-0.83
10/05/2023 01:16:20 pm,13.875,0.17,0.10,-0.81
10/05/2023 01:16:20 pm,13.900,0.17,0.08,-0.71
10/05/2023 01:16:20 pm,13.925,0.17,0.06,-0.55
10/05/2023 01:16:20 pm,13.950,0.17,0.05,-0.48
10/05/2023 01:16:20 pm,13.975,0.17,0.04,-0.82
10/05/2023 01:16:21 pm,14.000,0.17,0.02,-1.52
10/05/2023 01:16:21 pm,14.025,0.17,-0.04,-1.90
10/05/2023 01:16:21 pm,14.050,0.17,-0.10,-1.56
10/05/2023 01:16:21 pm,14.075,0.17,-0.12,-0.80
10/05/2023 01:16:21 pm,14.100,0.16,-0.13,-0.35
10/05/2023 01:16:21 pm,14.125,0.16,-0.13,-0.38
10/05/2023 01:16:21 pm,14.150,0.16,-0.14,-0.56
10/05/2023 01:16:21 pm,14.175,0.15,-0.16,-0.67
10/05/2023 01:16:21 pm,14.200,0.15,-0.18,-0.73
10/05/2023 01:16:21 pm,14.225,0.15,-0.20,-0.79
10/05/2023 01:16:21 pm,14.250,0.14,-0.22,-0.76
10/05/2023 01:16:21 pm,14.275,0.14,-0.24,-0.79
10/05/2023 01:16:21 pm,14.300,0.13,-0.25,-0.84
10/05/2023 01:16:21 pm,14.325,0.12,-0.28,-0.84
10/05/2023 01:16:21 pm,14.350,0.12,-0.30,-0.71
10/05/2023 01:16:21 pm,14.375,0.11,-0.31,-0.54
10/05/2023 01:16:21 pm,14.400,0.10,-0.33,-0.63
10/05/2023 01:16:21 pm,14.425,0.09,-0.34,-0.59
10/05/2023 01:16:21 pm,14.450,0.08,-0.37,-0.40
10/05/2023 01:16:21 pm,14.475,0.07,-0.36,-0.19
10/05/2023 01:16:21 pm,14.500,0.06,-0.37,-0.14
10/05/2023 01:16:21 pm,14.525,0.06,-0.37,-0.27
10/05/2023 01:16:21 pm,14.550,0.04,-0.38,-0.25
10/05/2023 01:16:21 pm,14.575,0.04,-0.39,-0.29
10/05/2023 01:16:21 pm,14.600,0.03,-0.39,-0.28
10/05/2023 01:16:21 pm,14.625,0.02,-0.40,-0.10
10/05/2023 01:16:21 pm,14.650,0.01,-0.40,0.24
10/05/2023 01:16:21 pm,14.675,0.00,-0.39,0.47
10/05/2023 01:16:21 pm,14.700,-0.01,-0.37,0.40
10/05/2023 01:16:21 pm,14.725,-0.02,-0.37,0.25
10/05/2023 01:16:21 pm,14.750,-0.03,-0.36,0.23
10/05/2023 01:16:21 pm,14.775,-0.04,-0.36,0.31
10/05/2023 01:16:21 pm,14.800,-0.05,-0.35,0.37
10/05/2023 01:16:21 pm,14.825,-0.06,-0.34,0.38
10/05/2023 01:16:21 pm,14.850,-0.07,-0.33,0.38
10/05/2023 01:16:21 pm,14.875,-0.07,-0.32,0.38
10/05/2023 01:16:21 pm,14.900,-0.08,-0.31,0.41
10/05/2023 01:16:21 pm,14.925,-0.09,-0.30,0.45
10/05/2023 01:16:21 pm,14.950,-0.10,-0.29,0.50
10/05/2023 01:16:21 pm,14.975,-0.10,-0.27,0.54
10/05/2023 01:16:22 pm,15.000,-0.11,-0.26,0.59
10/05/2023 01:16:22 pm,15.025,-0.12,-0.24,0.63
10/05/2023 01:16:22 pm,15.050,-0.12,-0.23,0.67
10/05/2023 01:16:22 pm,15.075,-0.13,-0.21,0.73
10/05/2023 01:16:22 pm,15.100,-0.13,-0.19,0.78
10/05/2023 01:16:22 pm,15.125,-0.14,-0.17,0.80
10/05/2023 01:16:22 pm,15.150,-0.14,-0.15,0.79
10/05/2023 01:16:22 pm,15.175,-0.14,-0.13,0.79
10/05/2023 01:16:22 pm,15.200,-0.15,-0.11,0.80
10/05/2023 01:16:22 pm,15.225,-0.15,-0.09,0.82
10/05/2023 01:16:22 pm,15.250,-0.15,-0.07,0.83
10/05/2023 01:16:22 pm,15.275,-0.15,-0.05,0.83
10/05/2023 01:16:22 pm,15.300,-0.15,-0.03,0.83
10/05/2023 01:16:22 pm,15.325,-0.16,-0.01,0.82
10/05/2023 01:16:22 pm,15.350,-0.16,0.01,0.80
10/05/2023 01:16:22 pm,15.375,-0.15,0.03,0.79
10/05/2023 01:16:22 pm,15.400,-0.15,0.05,0.79
10/05/2023 01:16:22 pm,15.425,-0.15,0.07,0.80
10/05/2023 01:16:22 pm,15.450,-0.15,0.09,0.81
10/05/2023 01:16:22 pm,15.475,-0.15,0.11,0.79
10/05/2023 01:16:22 pm,15.500,-0.14,0.13,0.74
10/05/2023 01:16:22 pm,15.525,-0.14,0.15,0.71
10/05/2023 01:16:22 pm,15.550,-0.14,0.17,0.71
10/05/2023 01:16:22 pm,15.575,-0.13,0.18,0.71
10/05/2023 01:16:22 pm,15.600,-0.13,0.20,0.68
10/05/2023 01:16:22 pm,15.625,-0.12,0.22,0.63
10/05/2023 01:16:22 pm,15.650,-0.12,0.23,0.60
10/05/2023 01:16:22 pm,15.675,-0.11,0.25,0.56
10/05/2023 01:16:22 pm,15.700,-0.10,0.26,0.50
10/05/2023 01:16:22 pm,15.725,-0.10,0.27,0.44
10/05/2023 01:16:22 pm,15.750,-0.09,0.28,0.40
10/05/2023 01:16:22 pm,15.775,-0.08,0.29,0.39
10/05/2023 01:16:22 pm,15.800,-0.08,0.30,0.36
10/05/2023 01:16:22 pm,15.825,-0.07,0.31,0.32
10/05/2023 01:16:22 pm,15.850,-0.06,0.32,0.31
10/05/2023 01:16:22 pm,15.875,-0.05,0.33,0.32
10/05/2023 01:16:22 pm,15.900,-0.04,0.34,0.29
10/05/2023 01:16:22 pm,15.925,-0.04,0.34,0.20
10/05/2023 01:16:22 pm,15.950,-0.03,0.35,0.11
10/05/2023 01:16:22 pm,15.975,-0.02,0.35,0.15
10/05/2023 01:16:23 pm,16.000,-0.01,0.35,0.31
10/05/2023 01:16:23 pm,16.025,-2.95E-4,0.36,0.36
10/05/2023 01:16:23 pm,16.050,0.01,0.38,0.14
10/05/2023 01:16:23 pm,16.075,0.02,0.37,-0.28
10/05/2023 01:16:23 pm,16.100,0.03,0.36,-0.54
10/05/2023 01:16:23 pm,16.125,0.04,0.34,-0.52
10/05/2023 01:16:23 pm,16.150,0.04,0.33,-0.39
10/05/2023 01:16:23 pm,16.175,0.05,0.32,-0.18
10/05/2023 01:16:23 pm,16.200,0.06,0.32,0.04
10/05/2023 01:16:23 pm,16.225,0.07,0.33,0.22
10/05/2023 01:16:23 pm,16.250,0.08,0.33,0.03
10/05/2023 01:16:23 pm,16.275,0.09,0.34,-0.49
10/05/2023 01:16:23 pm,16.300,0.09,0.31,-1.01
10/05/2023 01:16:23 pm,16.325,0.10,0.28,-1.29
10/05/2023 01:16:23 pm,16.350,0.11,0.24,-1.17
10/05/2023 01:16:23 pm,16.375,0.12,0.21,-0.96
10/05/2023 01:16:23 pm,16.400,0.12,0.20,-0.64
10/05/2023 01:16:23 pm,16.425,0.12,0.18,-0.43
10/05/2023 01:16:23 pm,16.450,0.13,0.18,-0.44
10/05/2023 01:16:23 pm,16.475,0.13,0.16,-0.58
10/05/2023 01:16:23 pm,16.500,0.14,0.15,-0.76
10/05/2023 01:16:23 pm,16.525,0.14,0.13,-0.81
10/05/2023 01:16:23 pm,16.550,0.14,0.10,-0.71
10/05/2023 01:16:23 pm,16.575,0.14,0.08,-0.44
10/05/2023 01:16:23 pm,16.600,0.15,0.08,-0.30
10/05/2023 01:16:23 pm,16.625,0.15,0.08,-0.51
10/05/2023 01:16:23 pm,16.650,0.15,0.06,-0.97
10/05/2023 01:16:23 pm,16.675,0.15,0.03,-1.22
10/05/2023 01:16:23 pm,16.700,0.15,-0.01,-1.12
10/05/2023 01:16:23 pm,16.725,0.15,-0.03,-0.89
10/05/2023 01:16:23 pm,16.750,0.15,-0.05,-0.78
10/05/2023 01:16:23 pm,16.775,0.15,-0.07,-0.79
10/05/2023 01:16:23 pm,16.800,0.15,-0.09,-0.81
10/05/2023 01:16:23 pm,16.825,0.14,-0.11,-0.79
10/05/2023 01:16:23 pm,16.850,0.14,-0.13,-0.85
10/05/2023 01:16:23 pm,16.875,0.14,-0.15,-1.03
10/05/2023 01:16:23 pm,16.900,0.13,-0.18,-0.98
10/05/2023 01:16:23 pm,16.925,0.13,-0.21,-0.62
10/05/2023 01:16:23 pm,16.950,0.12,-0.21,-0.27
10/05/2023 01:16:23 pm,16.975,0.12,-0.21,-0.38
10/05/2023 01:16:24 pm,17.000,0.12,-0.22,-0.72
10/05/2023 01:16:24 pm,17.025,0.11,-0.25,-0.69
10/05/2023 01:16:24 pm,17.050,0.10,-0.27,-0.40
10/05/2023 01:16:24 pm,17.075,0.09,-0.26,-0.27
10/05/2023 01:16:24 pm,17.100,0.09,-0.27,-0.51
10/05/2023 01:16:24 pm,17.125,0.08,-0.29,-0.76
10/05/2023 01:16:24 pm,17.150,0.07,-0.32,-0.62
10/05/2023 01:16:24 pm,17.175,0.06,-0.33,-0.22
10/05/2023 01:16:24 pm,17.200,0.06,-0.33,0.08
10/05/2023 01:16:24 pm,17.225,0.05,-0.32,0.09
10/05/2023 01:16:24 pm,17.250,0.04,-0.32,-0.15
10/05/2023 01:16:24 pm,17.275,0.03,-0.32,-0.41
10/05/2023 01:16:24 pm,17.300,0.02,-0.34,-0.47
10/05/2023 01:16:24 pm,17.325,0.02,-0.36,-0.23
10/05/2023 01:16:24 pm,17.350,0.01,-0.36,0.19
10/05/2023 01:16:24 pm,17.375,0.00,-0.34,0.42
10/05/2023 01:16:24 pm,17.400,-0.01,-0.33,0.38
10/05/2023 01:16:24 pm,17.425,-0.02,-0.32,0.23
10/05/2023 01:16:24 pm,17.450,-0.03,-0.32,0.17
10/05/2023 01:16:24 pm,17.475,-0.04,-0.32,0.23
10/05/2023 01:16:24 pm,17.500,-0.04,-0.31,0.33
10/05/2023 01:16:24 pm,17.525,-0.05,-0.30,0.40
10/05/2023 01:16:24 pm,17.550,-0.06,-0.29,0.41
10/05/2023 01:16:24 pm,17.575,-0.07,-0.28,0.39
10/05/2023 01:16:24 pm,17.600,-0.07,-0.27,0.39
10/05/2023 01:16:24 pm,17.625,-0.08,-0.26,0.41
10/05/2023 01:16:24 pm,17.650,-0.09,-0.25,0.42
10/05/2023 01:16:24 pm,17.675,-0.09,-0.24,0.45
10/05/2023 01:16:24 pm,17.700,-0.10,-0.23,0.50
10/05/2023 01:16:24 pm,17.725,-0.10,-0.21,0.54
10/05/2023 01:16:24 pm,17.750,-0.11,-0.20,0.58
10/05/2023 01:16:24 pm,17.775,-0.11,-0.19,0.61
10/05/2023 01:16:24 pm,17.800,-0.12,-0.17,0.63
10/05/2023 01:16:24 pm,17.825,-0.12,-0.15,0.65
10/05/2023 01:16:24 pm,17.850,-0.12,-0.14,0.68
10/05/2023 01:16:24 pm,17.875,-0.13,-0.12,0.73
10/05/2023 01:16:24 pm,17.900,-0.13,-0.10,0.76
10/05/2023 01:16:24 pm,17.925,-0.13,-0.08,0.76
10/05/2023 01:16:24 pm,17.950,-0.13,-0.06,0.75
10/05/2023 01:16:24 pm,17.975,-0.14,-0.04,0.76
10/05/2023 01:16:25 pm,18.000,-0.14,-0.02,0.79
10/05/2023 01:16:25 pm,18.025,-0.14,0.00,0.79
10/05/2023 01:16:25 pm,18.050,-0.14,0.02,0.77
10/05/2023 01:16:25 pm,18.075,-0.14,0.03,0.74
10/05/2023 01:16:25 pm,18.100,-0.14,0.05,0.73
10/05/2023 01:16:25 pm,18.125,-0.13,0.07,0.73
10/05/2023 01:16:25 pm,18.150,-0.13,0.09,0.71
10/05/2023 01:16:25 pm,18.175,-0.13,0.11,0.69
10/05/2023 01:16:25 pm,18.200,-0.13,0.12,0.66
10/05/2023 01:16:25 pm,18.225,-0.12,0.14,0.63
10/05/2023 01:16:25 pm,18.250,-0.12,0.15,0.60
10/05/2023 01:16:25 pm,18.275,-0.12,0.17,0.59
10/05/2023 01:16:25 pm,18.300,-0.11,0.18,0.57
10/05/2023 01:16:25 pm,18.325,-0.11,0.20,0.54
10/05/2023 01:16:25 pm,18.350,-0.10,0.21,0.50
10/05/2023 01:16:25 pm,18.375,-0.10,0.22,0.44
10/05/2023 01:16:25 pm,18.400,-0.09,0.23,0.36
10/05/2023 01:16:25 pm,18.425,-0.08,0.24,0.32
10/05/2023 01:16:25 pm,18.450,-0.08,0.25,0.34
10/05/2023 01:16:25 pm,18.475,-0.07,0.26,0.37
10/05/2023 01:16:25 pm,18.500,-0.07,0.27,0.37
10/05/2023 01:16:25 pm,18.525,-0.06,0.28,0.34
10/05/2023 01:16:25 pm,18.550,-0.05,0.28,0.33
10/05/2023 01:16:25 pm,18.575,-0.04,0.29,0.29
10/05/2023 01:16:25 pm,18.600,-0.04,0.30,0.19
10/05/2023 01:16:25 pm,18.625,-0.03,0.30,0.11
10/05/2023 01:16:25 pm,18.650,-0.02,0.30,0.06
10/05/2023 01:16:25 pm,18.675,-0.01,0.31,0.13
10/05/2023 01:16:25 pm,18.700,-0.01,0.31,0.28
10/05/2023 01:16:25 pm,18.725,0.00,0.32,0.36
10/05/2023 01:16:25 pm,18.750,0.01,0.33,0.20
10/05/2023 01:16:25 pm,18.775,0.02,0.33,-0.17
10/05/2023 01:16:25 pm,18.800,0.03,0.32,-0.35
10/05/2023 01:16:25 pm,18.825,0.03,0.30,-0.30
10/05/2023 01:16:25 pm,18.850,0.04,0.31,-0.24
10/05/2023 01:16:25 pm,18.875,0.05,0.30,-0.31
10/05/2023 01:16:25 pm,18.900,0.06,0.29,-0.43
10/05/2023 01:16:25 pm,18.925,0.06,0.28,-0.40
10/05/2023 01:16:25 pm,18.950,0.07,0.27,-0.49
10/05/2023 01:16:25 pm,18.975,0.08,0.26,-0.48
10/05/2023 01:16:26 pm,19.000,0.08,0.23,-0.36
10/05/2023 01:16:26 pm,19.025,0.09,0.24,-0.37
10/05/2023 01:16:26 pm,19.050,0.09,0.23,-0.53
10/05/2023 01:16:26 pm,19.075,0.10,0.20,-0.76
10/05/2023 01:16:26 pm,19.100,0.10,0.19,-0.67
10/05/2023 01:16:26 pm,19.125,0.11,0.17,-0.51
10/05/2023 01:16:26 pm,19.150,0.12,0.17,-0.58
10/05/2023 01:16:26 pm,19.175,0.12,0.15,-0.83
10/05/2023 01:16:26 pm,19.200,0.12,0.12,-1.04
10/05/2023 01:16:26 pm,19.225,0.13,0.09,-0.75
10/05/2023 01:16:26 pm,19.250,0.13,0.07,-0.23
10/05/2023 01:16:26 pm,19.275,0.13,0.09,-0.12
10/05/2023 01:16:26 pm,19.300,0.13,0.09,-0.55
10/05/2023 01:16:26 pm,19.325,0.13,0.06,-1.01
10/05/2023 01:16:26 pm,19.350,0.13,0.02,-1.02
10/05/2023 01:16:26 pm,19.375,0.13,0.00,-0.78
10/05/2023 01:16:26 pm,19.400,0.13,-0.01,-0.76
10/05/2023 01:16:26 pm,19.425,0.13,-0.03,-1.00
10/05/2023 01:16:26 pm,19.450,0.13,-0.06,-1.03
10/05/2023 01:16:26 pm,19.475,0.13,-0.10,-0.57
10/05/2023 01:16:26 pm,19.500,0.13,-0.10,-0.10
10/05/2023 01:16:26 pm,19.525,0.12,-0.08,-0.16
10/05/2023 01:16:26 pm,19.550,0.12,-0.09,-0.69
10/05/2023 01:16:26 pm,19.575,0.12,-0.12,-1.04
10/05/2023 01:16:26 pm,19.600,0.12,-0.15,-0.86
10/05/2023 01:16:26 pm,19.625,0.12,-0.17,-0.56
10/05/2023 01:16:26 pm,19.650,0.11,-0.17,-0.40
10/05/2023 01:16:26 pm,19.675,0.10,-0.19,-0.54
10/05/2023 01:16:26 pm,19.700,0.10,-0.20,-0.80
10/05/2023 01:16:26 pm,19.725,0.09,-0.23,-0.73
10/05/2023 01:16:26 pm,19.750,0.09,-0.25,-0.47
10/05/2023 01:16:26 pm,19.775,0.08,-0.24,-0.26
10/05/2023 01:16:26 pm,19.800,0.07,-0.26,-0.27
10/05/2023 01:16:26 pm,19.825,0.07,-0.27,-0.36
10/05/2023 01:16:26 pm,19.850,0.06,-0.27,-0.17
10/05/2023 01:16:26 pm,19.875,0.06,-0.28,-0.01
10/05/2023 01:16:26 pm,19.900,0.05,-0.27,0.01
10/05/2023 01:16:26 pm,19.925,0.04,-0.27,-0.08
10/05/2023 01:16:26 pm,19.950,0.03,-0.28,-0.27
10/05/2023 01:16:26 pm,19.975,0.03,-0.28,-0.43
10/05/2023 01:16:27 pm,20.000,0.02,-0.30,-0.51
10/05/2023 01:16:27 pm,20.025,0.01,-0.32,-0.28
10/05/2023 01:16:27 pm,20.050,0.00,-0.32,0.17
10/05/2023 01:16:27 pm,20.075,0.00,-0.30,0.45
10/05/2023 01:16:27 pm,20.100,-0.01,-0.29,0.41
10/05/2023 01:16:27 pm,20.125,-0.02,-0.28,0.24
10/05/2023 01:16:27 pm,20.150,-0.02,-0.28,0.16
10/05/2023 01:16:27 pm,20.175,-0.03,-0.27,0.19
10/05/2023 01:16:27 pm,20.200,-0.04,-0.27,0.25
10/05/2023 01:16:27 pm,20.225,-0.04,-0.26,0.33
10/05/2023 01:16:27 pm,20.250,-0.05,-0.25,0.38
10/05/2023 01:16:27 pm,20.275,-0.06,-0.24,0.37
10/05/2023 01:16:27 pm,20.300,-0.06,-0.23,0.34
10/05/2023 01:16:27 pm,20.325,-0.07,-0.23,0.36
10/05/2023 01:16:27 pm,20.350,-0.07,-0.22,0.40
10/05/2023 01:16:27 pm,20.375,-0.08,-0.21,0.42
10/05/2023 01:16:27 pm,20.400,-0.09,-0.20,0.43
10/05/2023 01:16:27 pm,20.425,-0.09,-0.19,0.44
10/05/2023 01:16:27 pm,20.450,-0.09,-0.17,0.48
10/05/2023 01:16:27 pm,20.475,-0.10,-0.16,0.52
10/05/2023 01:16:27 pm,20.500,-0.10,-0.15,0.54
10/05/2023 01:16:27 pm,20.525,-0.11,-0.13,0.57
10/05/2023 01:16:27 pm,20.550,-0.11,-0.12,0.60
10/05/2023 01:16:27 pm,20.575,-0.11,-0.10,0.63
10/05/2023 01:16:27 pm,20.600,-0.11,-0.09,0.64
10/05/2023 01:16:27 pm,20.625,-0.12,-0.07,0.64
10/05/2023 01:16:27 pm,20.650,-0.12,-0.06,0.64
10/05/2023 01:16:27 pm,20.675,-0.12,-0.04,0.64
10/05/2023 01:16:27 pm,20.700,-0.12,-0.02,0.65
10/05/2023 01:16:27 pm,20.725,-0.12,-0.01,0.65
10/05/2023 01:16:27 pm,20.750,-0.12,0.01,0.64
10/05/2023 01:16:27 pm,20.775,-0.12,0.02,0.61
10/05/2023 01:16:27 pm,20.800,-0.12,0.04,0.60
10/05/2023 01:16:27 pm,20.825,-0.12,0.05,0.62
10/05/2023 01:16:27 pm,20.850,-0.12,0.07,0.62
10/05/2023 01:16:27 pm,20.875,-0.11,0.09,0.60
10/05/2023 01:16:27 pm,20.900,-0.11,0.10,0.57
10/05/2023 01:16:27 pm,20.925,-0.11,0.11,0.55
10/05/2023 01:16:27 pm,20.950,-0.11,0.13,0.54
10/05/2023 01:16:27 pm,20.975,-0.10,0.14,0.52
10/05/2023 01:16:28 pm,21.000,-0.10,0.15,0.49
10/05/2023 01:16:28 pm,21.025,-0.10,0.17,0.46
10/05/2023 01:16:28 pm,21.050,-0.09,0.18,0.42
10/05/2023 01:16:28 pm,21.075,-0.09,0.19,0.37
10/05/2023 01:16:28 pm,21.100,-0.08,0.20,0.35
10/05/2023 01:16:28 pm,21.125,-0.08,0.20,0.35
10/05/2023 01:16:28 pm,21.150,-0.07,0.21,0.34
10/05/2023 01:16:28 pm,21.175,-0.07,0.22,0.32
10/05/2023 01:16:28 pm,21.200,-0.06,0.23,0.31
10/05/2023 01:16:28 pm,21.225,-0.05,0.24,0.33
10/05/2023 01:16:28 pm,21.250,-0.05,0.25,0.32
10/05/2023 01:16:28 pm,21.275,-0.04,0.25,0.26
10/05/2023 01:16:28 pm,21.300,-0.04,0.26,0.18
10/05/2023 01:16:28 pm,21.325,-0.03,0.26,0.12
10/05/2023 01:16:28 pm,21.350,-0.02,0.26,0.07
10/05/2023 01:16:28 pm,21.375,-0.02,0.27,0.14
10/05/2023 01:16:28 pm,21.400,-0.01,0.27,0.30
10/05/2023 01:16:28 pm,21.425,0.00,0.28,0.36
10/05/2023 01:16:28 pm,21.450,0.00,0.29,0.13
10/05/2023 01:16:28 pm,21.475,0.01,0.29,-0.27
10/05/2023 01:16:28 pm,21.500,0.02,0.27,-0.42
10/05/2023 01:16:28 pm,21.525,0.03,0.26,-0.35
10/05/2023 01:16:28 pm,21.550,0.03,0.26,-0.16
10/05/2023 01:16:28 pm,21.575,0.04,0.25,-0.10
10/05/2023 01:16:28 pm,21.600,0.05,0.26,-0.16
10/05/2023 01:16:28 pm,21.625,0.05,0.25,-0.26
10/05/2023 01:16:28 pm,21.650,0.06,0.24,-0.37
10/05/2023 01:16:28 pm,21.675,0.06,0.23,-0.36
10/05/2023 01:16:28 pm,21.700,0.07,0.22,-0.41
10/05/2023 01:16:28 pm,21.725,0.08,0.22,-0.49
10/05/2023 01:16:28 pm,21.750,0.08,0.19,-0.55
10/05/2023 01:16:28 pm,21.775,0.08,0.18,-0.43
10/05/2023 01:16:28 pm,21.800,0.09,0.17,-0.24
10/05/2023 01:16:28 pm,21.825,0.09,0.18,-0.35
10/05/2023 01:16:28 pm,21.850,0.10,0.17,-0.76
10/05/2023 01:16:28 pm,21.875,0.10,0.14,-1.13
10/05/2023 01:16:28 pm,21.900,0.10,0.10,-0.85
10/05/2023 01:16:28 pm,21.925,0.11,0.08,-0.20
10/05/2023 01:16:28 pm,21.950,0.11,0.10,0.16
10/05/2023 01:16:28 pm,21.975,0.11,0.11,-0.14
10/05/2023 01:16:29 pm,22.000,0.11,0.09,-0.87
10/05/2023 01:16:29 pm,22.025,0.12,0.06,-1.37
10/05/2023 01:16:29 pm,22.050,0.12,0.01,-1.40
10/05/2023 01:16:29 pm,22.075,0.12,-0.02,-0.86
10/05/2023 01:16:29 pm,22.100,0.12,-0.04,-0.08
10/05/2023 01:16:29 pm,22.125,0.11,-0.02,0.20
10/05/2023 01:16:29 pm,22.150,0.11,8.70E-4,-0.32
10/05/2023 01:16:29 pm,22.175,0.12,-0.03,-1.13
10/05/2023 01:16:29 pm,22.200,0.11,-0.08,-1.17
10/05/2023 01:16:29 pm,22.225,0.11,-0.11,-0.47
10/05/2023 01:16:29 pm,22.250,0.11,-0.09,-0.09
10/05/2023 01:16:29 pm,22.275,0.11,-0.09,-0.44
10/05/2023 01:16:29 pm,22.300,0.11,-0.12,-0.92
10/05/2023 01:16:29 pm,22.325,0.10,-0.15,-0.74
10/05/2023 01:16:29 pm,22.350,0.10,-0.16,-0.26
10/05/2023 01:16:29 pm,22.375,0.09,-0.15,-0.10
10/05/2023 01:16:29 pm,22.400,0.09,-0.16,-0.27
10/05/2023 01:16:29 pm,22.425,0.08,-0.17,-0.44
10/05/2023 01:16:29 pm,22.450,0.08,-0.18,-0.39
10/05/2023 01:16:29 pm,22.475,0.08,-0.19,-0.32
10/05/2023 01:16:29 pm,22.500,0.07,-0.20,-0.31
10/05/2023 01:16:29 pm,22.525,0.07,-0.21,-0.45
10/05/2023 01:16:29 pm,22.550,0.06,-0.21,-0.72
10/05/2023 01:16:29 pm,22.575,0.05,-0.24,-0.80
10/05/2023 01:16:29 pm,22.600,0.05,-0.27,-0.51
10/05/2023 01:16:29 pm,22.625,0.04,-0.27,0.03
10/05/2023 01:16:29 pm,22.650,0.03,-0.26,0.31
10/05/2023 01:16:29 pm,22.675,0.03,-0.25,0.14
10/05/2023 01:16:29 pm,22.700,0.02,-0.25,-0.23
10/05/2023 01:16:29 pm,22.725,0.02,-0.26,-0.42
10/05/2023 01:16:29 pm,22.750,0.01,-0.28,-0.23
10/05/2023 01:16:29 pm,22.775,0.00,-0.28,0.18
10/05/2023 01:16:29 pm,22.800,0.00,-0.26,0.44
10/05/2023 01:16:29 pm,22.825,-0.01,-0.25,0.40
10/05/2023 01:16:29 pm,22.850,-0.02,-0.24,0.22
10/05/2023 01:16:29 pm,22.875,-0.02,-0.24,0.13
10/05/2023 01:16:29 pm,22.900,-0.03,-0.24,0.16
10/05/2023 01:16:29 pm,22.925,-0.04,-0.23,0.21
10/05/2023 01:16:29 pm,22.950,-0.04,-0.23,0.27
10/05/2023 01:16:29 pm,22.975,-0.05,-0.22,0.31
10/05/2023 01:16:30 pm,23.000,-0.05,-0.21,0.34
10/05/2023 01:16:30 pm,23.025,-0.06,-0.20,0.35
10/05/2023 01:16:30 pm,23.050,-0.06,-0.19,0.35
10/05/2023 01:16:30 pm,23.075,-0.07,-0.19,0.37
10/05/2023 01:16:30 pm,23.100,-0.07,-0.18,0.41
10/05/2023 01:16:30 pm,23.125,-0.08,-0.16,0.46
10/05/2023 01:16:30 pm,23.150,-0.08,-0.15,0.46
10/05/2023 01:16:30 pm,23.175,-0.08,-0.14,0.43
10/05/2023 01:16:30 pm,23.200,-0.09,-0.13,0.41
10/05/2023 01:16:30 pm,23.225,-0.09,-0.12,0.43
10/05/2023 01:16:30 pm,23.250,-0.09,-0.11,0.46
10/05/2023 01:16:30 pm,23.275,-0.10,-0.10,0.49
10/05/2023 01:16:30 pm,23.300,-0.10,-0.09,0.53
10/05/2023 01:16:30 pm,23.325,-0.10,-0.07,0.56
10/05/2023 01:16:30 pm,23.350,-0.10,-0.06,0.56
10/05/2023 01:16:30 pm,23.375,-0.10,-0.04,0.54
10/05/2023 01:16:30 pm,23.400,-0.10,-0.03,0.54
10/05/2023 01:16:30 pm,23.425,-0.10,-0.02,0.57
10/05/2023 01:16:30 pm,23.450,-0.10,0.00,0.57
10/05/2023 01:16:30 pm,23.475,-0.10,0.01,0.55
10/05/2023 01:16:30 pm,23.500,-0.10,0.03,0.52
10/05/2023 01:16:30 pm,23.525,-0.10,0.04,0.50
10/05/2023 01:16:30 pm,23.550,-0.10,0.05,0.50
10/05/2023 01:16:30 pm,23.575,-0.10,0.06,0.50
10/05/2023 01:16:30 pm,23.600,-0.10,0.08,0.50
10/05/2023 01:16:30 pm,23.625,-0.10,0.09,0.50
10/05/2023 01:16:30 pm,23.650,-0.09,0.10,0.48
10/05/2023 01:16:30 pm,23.675,-0.09,0.11,0.44
10/05/2023 01:16:30 pm,23.700,-0.09,0.12,0.40
10/05/2023 01:16:30 pm,23.725,-0.08,0.13,0.37
10/05/2023 01:16:30 pm,23.750,-0.08,0.14,0.37
10/05/2023 01:16:30 pm,23.775,-0.08,0.15,0.37
10/05/2023 01:16:30 pm,23.800,-0.07,0.16,0.36
10/05/2023 01:16:30 pm,23.825,-0.07,0.17,0.34
10/05/2023 01:16:30 pm,23.850,-0.07,0.18,0.31
10/05/2023 01:16:30 pm,23.875,-0.06,0.18,0.31
10/05/2023 01:16:30 pm,23.900,-0.06,0.19,0.33
10/05/2023 01:16:30 pm,23.925,-0.05,0.20,0.32
10/05/2023 01:16:30 pm,23.950,-0.05,0.21,0.26
10/05/2023 01:16:30 pm,23.975,-0.04,0.21,0.18
10/05/2023 01:16:31 pm,24.000,-0.04,0.22,0.15
10/05/2023 01:16:31 pm,24.025,-0.03,0.22,0.13
10/05/2023 01:16:31 pm,24.050,-0.02,0.22,0.11
10/05/2023 01:16:31 pm,24.075,-0.02,0.23,0.08
10/05/2023 01:16:31 pm,24.100,-0.01,0.23,0.04
10/05/2023 01:16:31 pm,24.125,-0.01,0.23,0.10
10/05/2023 01:16:31 pm,24.150,0.00,0.23,0.26
10/05/2023 01:16:31 pm,24.175,0.00,0.24,0.33
10/05/2023 01:16:31 pm,24.200,0.01,0.25,0.15
10/05/2023 01:16:31 pm,24.225,0.02,0.25,-0.23
10/05/2023 01:16:31 pm,24.250,0.02,0.24,-0.47
10/05/2023 01:16:31 pm,24.275,0.03,0.22,-0.43
10/05/2023 01:16:31 pm,24.300,0.03,0.22,-0.31
10/05/2023 01:16:31 pm,24.325,0.04,0.21,-0.26
10/05/2023 01:16:31 pm,24.350,0.04,0.20,-0.32
10/05/2023 01:16:31 pm,24.375,0.05,0.20,-0.29
10/05/2023 01:16:31 pm,24.400,0.05,0.18,-0.07
10/05/2023 01:16:31 pm,24.425,0.06,0.19,0.10
10/05/2023 01:16:31 pm,24.450,0.06,0.20,-0.07
10/05/2023 01:16:31 pm,24.475,0.07,0.19,-0.52
10/05/2023 01:16:31 pm,24.500,0.07,0.17,-0.78
10/05/2023 01:16:31 pm,24.525,0.08,0.14,-0.73
10/05/2023 01:16:31 pm,24.550,0.08,0.13,-0.58
10/05/2023 01:16:31 pm,24.575,0.08,0.12,-0.54
10/05/2023 01:16:31 pm,24.600,0.09,0.10,-0.52
10/05/2023 01:16:31 pm,24.625,0.09,0.09,-0.48
10/05/2023 01:16:31 pm,24.650,0.09,0.08,-0.48
10/05/2023 01:16:31 pm,24.675,0.09,0.07,-0.49
10/05/2023 01:16:31 pm,24.700,0.09,0.05,-0.48
10/05/2023 01:16:31 pm,24.725,0.10,0.05,-0.45
10/05/2023 01:16:31 pm,24.750,0.10,0.03,-0.47
10/05/2023 01:16:31 pm,24.775,0.10,0.02,-0.51
10/05/2023 01:16:31 pm,24.800,0.10,0.01,-0.52
10/05/2023 01:16:31 pm,24.825,0.10,0.00,-0.51
10/05/2023 01:16:31 pm,24.850,0.10,-0.02,-0.48
10/05/2023 01:16:31 pm,24.875,0.10,-0.03,-0.44
10/05/2023 01:16:31 pm,24.900,0.10,-0.04,-0.41
10/05/2023 01:16:31 pm,24.925,0.10,-0.05,-0.43
10/05/2023 01:16:31 pm,24.950,0.09,-0.06,-0.47
10/05/2023 01:16:31 pm,24.975,0.09,-0.07,-0.45
10/05/2023 01:16:32 pm,25.000,0.09,-0.08,-0.44
10/05/2023 01:16:32 pm,25.025,0.09,-0.09,-0.49
10/05/2023 01:16:32 pm,25.050,0.09,-0.11,-0.51
10/05/2023 01:16:32 pm,25.075,0.08,-0.12,-0.42
10/05/2023 01:16:32 pm,25.100,0.08,-0.13,-0.41
10/05/2023 01:16:32 pm,25.125,0.08,-0.13,-0.63
10/05/2023 01:16:32 pm,25.150,0.07,-0.16,-0.83
10/05/2023 01:16:32 pm,25.175,0.07,-0.19,-0.59
10/05/2023 01:16:32 pm,25.200,0.06,-0.20,-0.06
10/05/2023 01:16:32 pm,25.225,0.06,-0.18,0.17
10/05/2023 01:16:32 pm,25.250,0.05,-0.17,-0.01
10/05/2023 01:16:32 pm,25.275,0.05,-0.19,-0.24
10/05/2023 01:16:32 pm,25.300,0.04,-0.19,-0.23
10/05/2023 01:16:32 pm,25.325,0.04,-0.20,-0.15
10/05/2023 01:16:32 pm,25.350,0.03,-0.20,-0.13
10/05/2023 01:16:32 pm,25.375,0.03,-0.21,-0.21
10/05/2023 01:16:32 pm,25.400,0.02,-0.21,-0.39
10/05/2023 01:16:32 pm,25.425,0.02,-0.22,-0.45
10/05/2023 01:16:32 pm,25.450,0.01,-0.24,-0.24
10/05/2023 01:16:32 pm,25.475,0.01,-0.24,0.18
10/05/2023 01:16:32 pm,25.500,0.00,-0.23,0.39
10/05/2023 01:16:32 pm,25.525,0.00,-0.21,0.31
10/05/2023 01:16:32 pm,25.550,-0.01,-0.21,0.16
10/05/2023 01:16:32 pm,25.575,-0.01,-0.21,0.10
10/05/2023 01:16:32 pm,25.600,-0.02,-0.20,0.13
10/05/2023 01:16:32 pm,25.625,-0.02,-0.20,0.14
10/05/2023 01:16:32 pm,25.650,-0.03,-0.20,0.17
10/05/2023 01:16:32 pm,25.675,-0.03,-0.19,0.20
10/05/2023 01:16:32 pm,25.700,-0.04,-0.19,0.23
10/05/2023 01:16:32 pm,25.725,-0.04,-0.18,0.27
10/05/2023 01:16:32 pm,25.750,-0.05,-0.17,0.33
10/05/2023 01:16:32 pm,25.775,-0.05,-0.16,0.35
10/05/2023 01:16:32 pm,25.800,-0.06,-0.16,0.33
10/05/2023 01:16:32 pm,25.825,-0.06,-0.15,0.31
10/05/2023 01:16:32 pm,25.850,-0.06,-0.14,0.33
10/05/2023 01:16:32 pm,25.875,-0.07,-0.13,0.37
10/05/2023 01:16:32 pm,25.900,-0.07,-0.12,0.39
10/05/2023 01:16:32 pm,25.925,-0.07,-0.11,0.40
10/05/2023 01:16:32 pm,25.950,-0.08,-0.10,0.43
10/05/2023 01:16:32 pm,25.975,-0.08,-0.09,0.47
10/05/2023 01:16:33 pm,26.000,-0.08,-0.08,0.47
10/05/2023 01:16:33 pm,26.025,-0.08,-0.07,0.44
10/05/2023 01:16:33 pm,26.050,-0.08,-0.06,0.42
10/05/2023 01:16:33 pm,26.075,-0.09,-0.05,0.42
10/05/2023 01:16:33 pm,26.100,-0.09,-0.04,0.44
10/05/2023 01:16:33 pm,26.125,-0.09,-0.02,0.45
10/05/2023 01:16:33 pm,26.150,-0.09,-0.01,0.46
10/05/2023 01:16:33 pm,26.175,-0.09,0.00,0.45
10/05/2023 01:16:33 pm,26.200,-0.09,0.01,0.44
10/05/2023 01:16:33 pm,26.225,-0.09,0.02,0.42
10/05/2023 01:16:33 pm,26.250,-0.09,0.03,0.41
10/05/2023 01:16:33 pm,26.275,-0.09,0.04,0.41
10/05/2023 01:16:33 pm,26.300,-0.08,0.05,0.41
10/05/2023 01:16:33 pm,26.325,-0.08,0.06,0.41
10/05/2023 01:16:33 pm,26.350,-0.08,0.07,0.38
10/05/2023 01:16:33 pm,26.375,-0.08,0.08,0.37
10/05/2023 01:16:33 pm,26.400,-0.08,0.09,0.38
10/05/2023 01:16:33 pm,26.425,-0.08,0.10,0.42
10/05/2023 01:16:33 pm,26.450,-0.07,0.11,0.43
10/05/2023 01:16:33 pm,26.475,-0.07,0.12,0.37
10/05/2023 01:16:33 pm,26.500,-0.07,0.13,0.28
10/05/2023 01:16:33 pm,26.525,-0.06,0.13,0.24
10/05/2023 01:16:33 pm,26.550,-0.06,0.14,0.27
10/05/2023 01:16:33 pm,26.575,-0.06,0.15,0.32
10/05/2023 01:16:33 pm,26.600,-0.05,0.16,0.32
10/05/2023 01:16:33 pm,26.625,-0.05,0.17,0.28
10/05/2023 01:16:33 pm,26.650,-0.04,0.17,0.24
10/05/2023 01:16:33 pm,26.675,-0.04,0.18,0.19
10/05/2023 01:16:33 pm,26.700,-0.04,0.18,0.15
10/05/2023 01:16:33 pm,26.725,-0.03,0.18,0.10
10/05/2023 01:16:33 pm,26.750,-0.03,0.19,0.07
10/05/2023 01:16:33 pm,26.775,-0.02,0.19,0.05
10/05/2023 01:16:33 pm,26.800,-0.02,0.19,0.05
10/05/2023 01:16:33 pm,26.825,-0.01,0.19,0.05
10/05/2023 01:16:33 pm,26.850,-0.01,0.19,0.03
10/05/2023 01:16:33 pm,26.875,0.00,0.19,0.00
10/05/2023 01:16:33 pm,26.900,0.00,0.19,0.06
10/05/2023 01:16:33 pm,26.925,0.01,0.19,0.23
10/05/2023 01:16:33 pm,26.950,0.01,0.20,0.31
10/05/2023 01:16:33 pm,26.975,0.02,0.22,0.08
10/05/2023 01:16:34 pm,27.000,0.02,0.21,-0.32
10/05/2023 01:16:34 pm,27.025,0.03,0.19,-0.49
10/05/2023 01:16:34 pm,27.050,0.03,0.18,-0.39
10/05/2023 01:16:34 pm,27.075,0.04,0.18,-0.19
10/05/2023 01:16:34 pm,27.100,0.04,0.17,0.00
10/05/2023 01:16:34 pm,27.125,0.05,0.17,0.05
10/05/2023 01:16:34 pm,27.150,0.05,0.18,-0.25
10/05/2023 01:16:34 pm,27.175,0.06,0.17,-0.90
10/05/2023 01:16:34 pm,27.200,0.06,0.13,-1.15
10/05/2023 01:16:34 pm,27.225,0.06,0.09,-0.61
10/05/2023 01:16:34 pm,27.250,0.06,0.09,0.22
10/05/2023 01:16:34 pm,27.275,0.06,0.12,0.36
10/05/2023 01:16:34 pm,27.300,0.07,0.13,-0.34
10/05/2023 01:16:34 pm,27.325,0.07,0.10,-1.09
10/05/2023 01:16:34 pm,27.350,0.07,0.06,-1.14
10/05/2023 01:16:34 pm,27.375,0.08,0.03,-0.46
10/05/2023 01:16:34 pm,27.400,0.08,0.04,0.25
10/05/2023 01:16:34 pm,27.425,0.08,0.06,0.29
10/05/2023 01:16:34 pm,27.450,0.08,0.07,-0.25
10/05/2023 01:16:34 pm,27.475,0.08,0.04,-0.70
10/05/2023 01:16:34 pm,27.500,0.08,0.02,-0.72
10/05/2023 01:16:34 pm,27.525,0.08,0.01,-0.50
10/05/2023 01:16:34 pm,27.550,0.08,0.00,-0.49
10/05/2023 01:16:34 pm,27.575,0.08,-0.01,-0.72
10/05/2023 01:16:34 pm,27.600,0.08,-0.04,-0.85
10/05/2023 01:16:34 pm,27.625,0.08,-0.07,-0.54
10/05/2023 01:16:34 pm,27.650,0.08,-0.08,0.14
10/05/2023 01:16:34 pm,27.675,0.08,-0.06,0.51
10/05/2023 01:16:34 pm,27.700,0.07,-0.03,0.10
10/05/2023 01:16:34 pm,27.725,0.07,-0.04,-0.78
10/05/2023 01:16:34 pm,27.750,0.07,-0.08,-1.14
10/05/2023 01:16:34 pm,27.775,0.07,-0.12,-0.58
10/05/2023 01:16:34 pm,27.800,0.07,-0.12,0.11
10/05/2023 01:16:34 pm,27.825,0.06,-0.09,0.04
10/05/2023 01:16:34 pm,27.850,0.06,-0.10,-0.64
10/05/2023 01:16:34 pm,27.875,0.06,-0.14,-0.93
10/05/2023 01:16:34 pm,27.900,0.05,-0.17,-0.51
10/05/2023 01:16:34 pm,27.925,0.05,-0.16,0.01
10/05/2023 01:16:34 pm,27.950,0.05,-0.15,0.15
10/05/2023 01:16:34 pm,27.975,0.04,-0.15,0.01
10/05/2023 01:16:35 pm,28.000,0.04,-0.15,-0.13
10/05/2023 01:16:35 pm,28.025,0.04,-0.16,-0.32
10/05/2023 01:16:35 pm,28.050,0.03,-0.17,-0.55
10/05/2023 01:16:35 pm,28.075,0.03,-0.19,-0.57
10/05/2023 01:16:35 pm,28.100,0.02,-0.20,-0.25
10/05/2023 01:16:35 pm,28.125,0.02,-0.20,0.21
10/05/2023 01:16:35 pm,28.150,0.01,-0.19,0.40
10/05/2023 01:16:35 pm,28.175,0.01,-0.17,0.27
10/05/2023 01:16:35 pm,28.200,0.00,-0.17,0.08
10/05/2023 01:16:35 pm,28.225,0.00,-0.17,0.01
10/05/2023 01:16:35 pm,28.250,-0.01,-0.17,0.04
10/05/2023 01:16:35 pm,28.275,-0.01,-0.17,0.05
10/05/2023 01:16:35 pm,28.300,-0.01,-0.17,0.07
10/05/2023 01:16:35 pm,28.325,-0.02,-0.17,0.11
10/05/2023 01:16:35 pm,28.350,-0.02,-0.17,0.15
10/05/2023 01:16:35 pm,28.375,-0.03,-0.16,0.18
10/05/2023 01:16:35 pm,28.400,-0.03,-0.16,0.18
10/05/2023 01:16:35 pm,28.425,-0.03,-0.15,0.17
10/05/2023 01:16:35 pm,28.450,-0.04,-0.15,0.17
10/05/2023 01:16:35 pm,28.475,-0.04,-0.14,0.20
10/05/2023 01:16:35 pm,28.500,-0.05,-0.14,0.23
10/05/2023 01:16:35 pm,28.525,-0.05,-0.13,0.29
10/05/2023 01:16:35 pm,28.550,-0.05,-0.12,0.35
10/05/2023 01:16:35 pm,28.575,-0.06,-0.11,0.38
10/05/2023 01:16:35 pm,28.600,-0.06,-0.10,0.35
10/05/2023 01:16:35 pm,28.625,-0.06,-0.10,0.31
10/05/2023 01:16:35 pm,28.650,-0.06,-0.09,0.30
10/05/2023 01:16:35 pm,28.675,-0.06,-0.08,0.34
10/05/2023 01:16:35 pm,28.700,-0.07,-0.07,0.37
10/05/2023 01:16:35 pm,28.725,-0.07,-0.06,0.39
10/05/2023 01:16:35 pm,28.750,-0.07,-0.05,0.40
10/05/2023 01:16:35 pm,28.775,-0.07,-0.04,0.41
10/05/2023 01:16:35 pm,28.800,-0.07,-0.03,0.43
10/05/2023 01:16:35 pm,28.825,-0.07,-0.02,0.41
10/05/2023 01:16:35 pm,28.850,-0.07,-0.01,0.38
10/05/2023 01:16:35 pm,28.875,-0.07,0.00,0.37
10/05/2023 01:16:35 pm,28.900,-0.07,0.01,0.40
10/05/2023 01:16:35 pm,28.925,-0.07,0.02,0.43
10/05/2023 01:16:35 pm,28.950,-0.07,0.03,0.41
10/05/2023 01:16:35 pm,28.975,-0.07,0.04,0.36
10/05/2023 01:16:36 pm,29.000,-0.07,0.05,0.34
10/05/2023 01:16:36 pm,29.025,-0.07,0.05,0.35
10/05/2023 01:16:36 pm,29.050,-0.07,0.06,0.35
10/05/2023 01:16:36 pm,29.075,-0.07,0.07,0.31
10/05/2023 01:16:36 pm,29.100,-0.06,0.08,0.28
10/05/2023 01:16:36 pm,29.125,-0.06,0.09,0.28
10/05/2023 01:16:36 pm,29.150,-0.06,0.09,0.30
10/05/2023 01:16:36 pm,29.175,-0.06,0.10,0.31
10/05/2023 01:16:36 pm,29.200,-0.05,0.11,0.31
10/05/2023 01:16:36 pm,29.225,-0.05,0.12,0.27
10/05/2023 01:16:36 pm,29.250,-0.05,0.12,0.23
10/05/2023 01:16:36 pm,29.275,-0.05,0.13,0.21
10/05/2023 01:16:36 pm,29.300,-0.04,0.13,0.21
10/05/2023 01:16:36 pm,29.325,-0.04,0.14,0.19
10/05/2023 01:16:36 pm,29.350,-0.04,0.14,0.14
10/05/2023 01:16:36 pm,29.375,-0.03,0.15,0.09
10/05/2023 01:16:36 pm,29.400,-0.03,0.15,0.08
10/05/2023 01:16:36 pm,29.425,-0.02,0.15,0.08
10/05/2023 01:16:36 pm,29.450,-0.02,0.15,0.08
10/05/2023 01:16:36 pm,29.475,-0.02,0.15,0.07
10/05/2023 01:16:36 pm,29.500,-0.01,0.16,0.05
10/05/2023 01:16:36 pm,29.525,-0.01,0.16,0.03
10/05/2023 01:16:36 pm,29.550,0.00,0.16,0.10
10/05/2023 01:16:36 pm,29.575,-7.30E-4,0.16,0.25
10/05/2023 01:16:36 pm,29.600,0.00,0.17,0.32
10/05/2023 01:16:36 pm,29.625,0.01,0.18,0.12
10/05/2023 01:16:36 pm,29.650,0.01,0.18,-0.26
10/05/2023 01:16:36 pm,29.675,0.02,0.16,-0.46
10/05/2023 01:16:36 pm,29.700,0.02,0.15,-0.38
10/05/2023 01:16:36 pm,29.725,0.02,0.15,-0.20
10/05/2023 01:16:36 pm,29.750,0.03,0.14,-0.16
10/05/2023 01:16:36 pm,29.775,0.03,0.14,-0.25
10/05/2023 01:16:36 pm,29.800,0.03,0.13,-0.33
10/05/2023 01:16:36 pm,29.825,0.04,0.12,-0.32
10/05/2023 01:16:36 pm,29.850,0.04,0.11,-0.23
10/05/2023 01:16:36 pm,29.875,0.04,0.11,-0.15
10/05/2023 01:16:36 pm,29.900,0.05,0.11,-0.18
10/05/2023 01:16:36 pm,29.925,0.05,0.10,-0.28
10/05/2023 01:16:36 pm,29.950,0.05,0.09,-0.36
10/05/2023 01:16:36 pm,29.975,0.05,0.08,-0.40
10/05/2023 01:16:37 pm,30.000,0.06,0.07,-0.38
10/05/2023 01:16:37 pm,30.025,0.06,0.06,-0.36
10/05/2023 01:16:37 pm,30.050,0.06,0.06,-0.36
10/05/2023 01:16:37 pm,30.075,0.06,0.05,-0.37
10/05/2023 01:16:37 pm,30.100,0.06,0.04,-0.37
10/05/2023 01:16:37 pm,30.125,0.06,0.03,-0.34
10/05/2023 01:16:37 pm,30.150,0.06,0.02,-0.35
10/05/2023 01:16:37 pm,30.175,0.06,0.01,-0.40
10/05/2023 01:16:37 pm,30.200,0.06,-4.40E-4,-0.44
10/05/2023 01:16:37 pm,30.225,0.06,-0.01,-0.41
10/05/2023 01:16:37 pm,30.250,0.06,-0.02,-0.32
10/05/2023 01:16:37 pm,30.275,0.06,-0.03,-0.26
10/05/2023 01:16:37 pm,30.300,0.06,-0.03,-0.26
10/05/2023 01:16:37 pm,30.325,0.06,-0.04,-0.30
10/05/2023 01:16:37 pm,30.350,0.06,-0.05,-0.32
10/05/2023 01:16:37 pm,30.375,0.06,-0.06,-0.31
10/05/2023 01:16:37 pm,30.400,0.06,-0.06,-0.34
10/05/2023 01:16:37 pm,30.425,0.05,-0.07,-0.36
10/05/2023 01:16:37 pm,30.450,0.05,-0.08,-0.35
10/05/2023 01:16:37 pm,30.475,0.05,-0.09,-0.28
10/05/2023 01:16:37 pm,30.500,0.05,-0.10,-0.24
10/05/2023 01:16:37 pm,30.525,0.05,-0.10,-0.25
10/05/2023 01:16:37 pm,30.550,0.04,-0.11,-0.23
10/05/2023 01:16:37 pm,30.575,0.04,-0.12,-0.16
10/05/2023 01:16:37 pm,30.600,0.04,-0.12,-0.10
10/05/2023 01:16:37 pm,30.625,0.03,-0.12,-0.13
10/05/2023 01:16:37 pm,30.650,0.03,-0.12,-0.20
10/05/2023 01:16:37 pm,30.675,0.03,-0.13,-0.24
10/05/2023 01:16:37 pm,30.700,0.02,-0.14,-0.27
10/05/2023 01:16:37 pm,30.725,0.02,-0.14,-0.37
10/05/2023 01:16:37 pm,30.750,0.02,-0.15,-0.40
10/05/2023 01:16:37 pm,30.775,0.01,-0.17,-0.20
10/05/2023 01:16:37 pm,30.800,0.01,-0.17,0.18
10/05/2023 01:16:37 pm,30.825,0.01,-0.15,0.39
10/05/2023 01:16:37 pm,30.850,0.00,-0.14,0.32
10/05/2023 01:16:37 pm,30.875,0.00,-0.14,0.13
10/05/2023 01:16:37 pm,30.900,-0.01,-0.14,0.04
10/05/2023 01:16:37 pm,30.925,-0.01,-0.14,0.08
10/05/2023 01:16:37 pm,30.950,-0.01,-0.13,0.11
10/05/2023 01:16:37 pm,30.975,-0.02,-0.13,0.12
10/05/2023 01:16:38 pm,31.000,-0.02,-0.13,0.10
10/05/2023 01:16:38 pm,31.025,-0.02,-0.13,0.10
10/05/2023 01:16:38 pm,31.050,-0.02,-0.12,0.11
10/05/2023 01:16:38 pm,31.075,-0.03,-0.12,0.13
10/05/2023 01:16:38 pm,31.100,-0.03,-0.12,0.14
10/05/2023 01:16:38 pm,31.125,-0.03,-0.11,0.14
10/05/2023 01:16:38 pm,31.150,-0.04,-0.11,0.17
10/05/2023 01:16:38 pm,31.175,-0.04,-0.10,0.22
10/05/2023 01:16:38 pm,31.200,-0.04,-0.10,0.25
10/05/2023 01:16:38 pm,31.225,-0.04,-0.09,0.25
10/05/2023 01:16:38 pm,31.250,-0.05,-0.09,0.24
10/05/2023 01:16:38 pm,31.275,-0.05,-0.08,0.25
10/05/2023 01:16:38 pm,31.300,-0.05,-0.07,0.27
10/05/2023 01:16:38 pm,31.325,-0.05,-0.07,0.28
10/05/2023 01:16:38 pm,31.350,-0.05,-0.06,0.30
10/05/2023 01:16:38 pm,31.375,-0.05,-0.05,0.34
10/05/2023 01:16:38 pm,31.400,-0.06,-0.04,0.35
10/05/2023 01:16:38 pm,31.425,-0.06,-0.03,0.34
10/05/2023 01:16:38 pm,31.450,-0.06,-0.02,0.33
10/05/2023 01:16:38 pm,31.475,-0.06,-0.02,0.32
10/05/2023 01:16:38 pm,31.500,-0.06,-0.01,0.31
10/05/2023 01:16:38 pm,31.525,-0.06,-2.72E-4,0.28
10/05/2023 01:16:38 pm,31.550,-0.06,0.01,0.27
10/05/2023 01:16:38 pm,31.575,-0.06,0.01,0.29
10/05/2023 01:16:38 pm,31.600,-0.06,0.02,0.31
10/05/2023 01:16:38 pm,31.625,-0.06,0.03,0.31
10/05/2023 01:16:38 pm,31.650,-0.06,0.04,0.31
10/05/2023 01:16:38 pm,31.675,-0.06,0.04,0.30
10/05/2023 01:16:38 pm,31.700,-0.05,0.05,0.29
10/05/2023 01:16:38 pm,31.725,-0.05,0.06,0.28
10/05/2023 01:16:38 pm,31.750,-0.05,0.07,0.25
10/05/2023 01:16:38 pm,31.775,-0.05,0.07,0.21
10/05/2023 01:16:38 pm,31.800,-0.05,0.08,0.20
10/05/2023 01:16:38 pm,31.825,-0.05,0.08,0.21
10/05/2023 01:16:38 pm,31.850,-0.04,0.09,0.21
10/05/2023 01:16:38 pm,31.875,-0.04,0.09,0.21
10/05/2023 01:16:38 pm,31.900,-0.04,0.10,0.18
10/05/2023 01:16:38 pm,31.925,-0.04,0.10,0.15
10/05/2023 01:16:38 pm,31.950,-0.03,0.10,0.12
10/05/2023 01:16:38 pm,31.975,-0.03,0.11,0.10
10/05/2023 01:16:39 pm,32.000,-0.03,0.11,0.09
10/05/2023 01:16:39 pm,32.025,-0.03,0.11,0.08
10/05/2023 01:16:39 pm,32.050,-0.02,0.11,0.07
10/05/2023 01:16:39 pm,32.075,-0.02,0.11,0.06
10/05/2023 01:16:39 pm,32.100,-0.02,0.12,0.07
10/05/2023 01:16:39 pm,32.125,-0.01,0.12,0.08
10/05/2023 01:16:39 pm,32.150,-0.01,0.12,0.06
10/05/2023 01:16:39 pm,32.175,-0.01,0.12,0.02
10/05/2023 01:16:39 pm,32.200,-0.01,0.12,-0.01
10/05/2023 01:16:39 pm,32.225,0.00,0.12,-0.04
10/05/2023 01:16:39 pm,32.250,3.57E-4,0.12,-0.04
10/05/2023 01:16:39 pm,32.275,0.00,0.12,0.07
10/05/2023 01:16:39 pm,32.300,0.01,0.12,0.29
10/05/2023 01:16:39 pm,32.325,0.01,0.13,0.28
10/05/2023 01:16:39 pm,32.350,0.01,0.15,-0.18
10/05/2023 01:16:39 pm,32.375,0.02,0.13,-0.65
10/05/2023 01:16:39 pm,32.400,0.02,0.09,-0.47
10/05/2023 01:16:39 pm,32.425,0.02,0.09,0.13
10/05/2023 01:16:39 pm,32.450,0.02,0.12,0.34
10/05/2023 01:16:39 pm,32.475,0.03,0.13,-0.05
10/05/2023 01:16:39 pm,32.500,0.03,0.11,-0.42
10/05/2023 01:16:39 pm,32.525,0.03,0.09,-0.42
10/05/2023 01:16:39 pm,32.550,0.03,0.09,-0.27
10/05/2023 01:16:39 pm,32.575,0.04,0.08,-0.24
10/05/2023 01:16:39 pm,32.600,0.04,0.08,-0.31
10/05/2023 01:16:39 pm,32.625,0.04,0.07,-0.31
10/05/2023 01:16:39 pm,32.650,0.04,0.06,-0.25
10/05/2023 01:16:39 pm,32.675,0.04,0.06,-0.20
10/05/2023 01:16:39 pm,32.700,0.04,0.05,-0.23
10/05/2023 01:16:39 pm,32.725,0.05,0.04,-0.31
10/05/2023 01:16:39 pm,32.750,0.05,0.03,-0.31
10/05/2023 01:16:39 pm,32.775,0.05,0.03,-0.27
10/05/2023 01:16:39 pm,32.800,0.05,0.02,-0.26
10/05/2023 01:16:39 pm,32.825,0.05,0.02,-0.32
10/05/2023 01:16:39 pm,32.850,0.05,0.01,-0.38
10/05/2023 01:16:39 pm,32.875,0.05,-0.01,-0.38
10/05/2023 01:16:39 pm,32.900,0.05,-0.01,-0.30
10/05/2023 01:16:39 pm,32.925,0.05,-0.02,-0.19
10/05/2023 01:16:39 pm,32.950,0.05,-0.02,-0.13
10/05/2023 01:16:39 pm,32.975,0.05,-0.02,-0.16
10/05/2023 01:16:40 pm,33.000,0.05,-0.03,-0.25
10/05/2023 01:16:40 pm,33.025,0.05,-0.04,-0.33
10/05/2023 01:16:40 pm,33.050,0.04,-0.05,-0.31
10/05/2023 01:16:40 pm,33.075,0.04,-0.06,-0.25
10/05/2023 01:16:40 pm,33.100,0.04,-0.06,-0.21
10/05/2023 01:16:40 pm,33.125,0.04,-0.07,-0.23
10/05/2023 01:16:40 pm,33.150,0.04,-0.07,-0.28
10/05/2023 01:16:40 pm,33.175,0.04,-0.08,-0.26
10/05/2023 01:16:40 pm,33.200,0.04,-0.09,-0.18
10/05/2023 01:16:40 pm,33.225,0.03,-0.09,-0.09
10/05/2023 01:16:40 pm,33.250,0.03,-0.09,-0.07
10/05/2023 01:16:40 pm,33.275,0.03,-0.09,-0.09
10/05/2023 01:16:40 pm,33.300,0.03,-0.09,-0.09
10/05/2023 01:16:40 pm,33.325,0.02,-0.10,-0.07
10/05/2023 01:16:40 pm,33.350,0.02,-0.10,-0.13
10/05/2023 01:16:40 pm,33.375,0.02,-0.10,-0.33
10/05/2023 01:16:40 pm,33.400,0.02,-0.11,-0.47
10/05/2023 01:16:40 pm,33.425,0.01,-0.13,-0.30
10/05/2023 01:16:40 pm,33.450,0.01,-0.14,0.13
10/05/2023 01:16:40 pm,33.475,0.01,-0.12,0.39
10/05/2023 01:16:40 pm,33.500,0.00,-0.10,0.30
10/05/2023 01:16:40 pm,33.525,0.00,-0.10,0.09
10/05/2023 01:16:40 pm,33.550,0.00,-0.11,0.00
10/05/2023 01:16:40 pm,33.575,0.00,-0.10,0.03
10/05/2023 01:16:40 pm,33.600,-0.01,-0.10,0.06
10/05/2023 01:16:40 pm,33.625,-0.01,-0.10,0.09
10/05/2023 01:16:40 pm,33.650,-0.01,-0.10,0.11
10/05/2023 01:16:40 pm,33.675,-0.01,-0.10,0.12
10/05/2023 01:16:40 pm,33.700,-0.02,-0.09,0.10
10/05/2023 01:16:40 pm,33.725,-0.02,-0.09,0.10
10/05/2023 01:16:40 pm,33.750,-0.02,-0.09,0.11
10/05/2023 01:16:40 pm,33.775,-0.02,-0.08,0.11
10/05/2023 01:16:40 pm,33.800,-0.03,-0.08,0.12
10/05/2023 01:16:40 pm,33.825,-0.03,-0.08,0.13
10/05/2023 01:16:40 pm,33.850,-0.03,-0.08,0.14
10/05/2023 01:16:40 pm,33.875,-0.03,-0.07,0.14
10/05/2023 01:16:40 pm,33.900,-0.03,-0.07,0.14
10/05/2023 01:16:40 pm,33.925,-0.03,-0.07,0.16
10/05/2023 01:16:40 pm,33.950,-0.04,-0.06,0.18
10/05/2023 01:16:40 pm,33.975,-0.04,-0.06,0.21
10/05/2023 01:16:41 pm,34.000,-0.04,-0.05,0.22
10/05/2023 01:16:41 pm,34.025,-0.04,-0.05,0.23
10/05/2023 01:16:41 pm,34.050,-0.04,-0.04,0.22
10/05/2023 01:16:41 pm,34.075,-0.04,-0.03,0.21
10/05/2023 01:16:41 pm,34.100,-0.04,-0.03,0.20
10/05/2023 01:16:41 pm,34.125,-0.04,-0.02,0.21
10/05/2023 01:16:41 pm,34.150,-0.04,-0.02,0.22
10/05/2023 01:16:41 pm,34.175,-0.04,-0.01,0.22
10/05/2023 01:16:41 pm,34.200,-0.04,-0.01,0.21
10/05/2023 01:16:41 pm,34.225,-0.05,0.00,0.22
10/05/2023 01:16:41 pm,34.250,-0.05,0.00,0.24
10/05/2023 01:16:41 pm,34.275,-0.04,0.01,0.25
10/05/2023 01:16:41 pm,34.300,-0.04,0.02,0.23
10/05/2023 01:16:41 pm,34.325,-0.04,0.02,0.21
10/05/2023 01:16:41 pm,34.350,-0.04,0.03,0.19
10/05/2023 01:16:41 pm,34.375,-0.04,0.03,0.18
10/05/2023 01:16:41 pm,34.400,-0.04,0.04,0.18
10/05/2023 01:16:41 pm,34.425,-0.04,0.04,0.18
10/05/2023 01:16:41 pm,34.450,-0.04,0.04,0.17
10/05/2023 01:16:41 pm,34.475,-0.04,0.05,0.17
10/05/2023 01:16:41 pm,34.500,-0.04,0.05,0.17
10/05/2023 01:16:41 pm,34.525,-0.04,0.06,0.15
10/05/2023 01:16:41 pm,34.550,-0.03,0.06,0.11
10/05/2023 01:16:41 pm,34.575,-0.03,0.06,0.10
10/05/2023 01:16:41 pm,34.600,-0.03,0.06,0.13
10/05/2023 01:16:41 pm,34.625,-0.03,0.07,0.15
10/05/2023 01:16:41 pm,34.650,-0.03,0.07,0.13
10/05/2023 01:16:41 pm,34.675,-0.03,0.08,0.09
10/05/2023 01:16:41 pm,34.700,-0.02,0.08,0.05
10/05/2023 01:16:41 pm,34.725,-0.02,0.08,0.05
10/05/2023 01:16:41 pm,34.750,-0.02,0.08,0.07
10/05/2023 01:16:41 pm,34.775,-0.02,0.08,0.08
10/05/2023 01:16:41 pm,34.800,-0.02,0.08,0.08
10/05/2023 01:16:41 pm,34.825,-0.01,0.09,0.05
10/05/2023 01:16:41 pm,34.850,-0.01,0.09,0.02
10/05/2023 01:16:41 pm,34.875,-0.01,0.09,0.02
10/05/2023 01:16:41 pm,34.900,-0.01,0.09,0.02
10/05/2023 01:16:41 pm,34.925,-0.01,0.09,8.16E-4
10/05/2023 01:16:41 pm,34.950,0.00,0.09,-0.02
10/05/2023 01:16:41 pm,34.975,0.00,0.09,0.08
10/05/2023 01:16:42 pm,35.000,9.20E-4,0.09,0.18
10/05/2023 01:16:42 pm,35.025,0.00,0.10,0.18
10/05/2023 01:16:42 pm,35.050,0.01,0.10,0.05
10/05/2023 01:16:42 pm,35.075,0.01,0.10,-0.08
10/05/2023 01:16:42 pm,35.100,0.01,0.10,-0.08
10/05/2023 01:16:42 pm,35.125,0.01,0.09,-0.17
10/05/2023 01:16:42 pm,35.150,0.02,0.09,-0.27
10/05/2023 01:16:42 pm,35.175,0.02,0.08,-0.30
10/05/2023 01:16:42 pm,35.200,0.02,0.07,-0.23
10/05/2023 01:16:42 pm,35.225,0.02,0.07,-0.14
10/05/2023 01:16:42 pm,35.250,0.02,0.07,-0.14
10/05/2023 01:16:42 pm,35.275,0.02,0.06,-0.15
10/05/2023 01:16:42 pm,35.300,0.03,0.06,-0.15
10/05/2023 01:16:42 pm,35.325,0.03,0.05,-0.13
10/05/2023 01:16:42 pm,35.350,0.03,0.05,-0.11
10/05/2023 01:16:42 pm,35.375,0.03,0.05,-0.16
10/05/2023 01:16:42 pm,35.400,0.03,0.05,-0.24
10/05/2023 01:16:42 pm,35.425,0.03,0.04,-0.23
10/05/2023 01:16:42 pm,35.450,0.03,0.03,-0.13
10/05/2023 01:16:42 pm,35.475,0.03,0.03,-0.06
10/05/2023 01:16:42 pm,35.500,0.03,0.03,-0.13
10/05/2023 01:16:42 pm,35.525,0.04,0.03,-0.27
10/05/2023 01:16:42 pm,35.550,0.04,0.02,-0.33
10/05/2023 01:16:42 pm,35.575,0.04,0.01,-0.27
10/05/2023 01:16:42 pm,35.600,0.04,0.00,-0.18
10/05/2023 01:16:42 pm,35.625,0.04,-8.78E-4,-0.17
10/05/2023 01:16:42 pm,35.650,0.04,-0.01,-0.25
10/05/2023 01:16:42 pm,35.675,0.04,-0.01,-0.32
10/05/2023 01:16:42 pm,35.700,0.04,-0.02,-0.30
10/05/2023 01:16:42 pm,35.725,0.03,-0.03,-0.17
10/05/2023 01:16:42 pm,35.750,0.03,-0.03,-0.07
10/05/2023 01:16:42 pm,35.775,0.03,-0.03,-0.08
10/05/2023 01:16:42 pm,35.800,0.03,-0.03,-0.14
10/05/2023 01:16:42 pm,35.825,0.03,-0.04,-0.16
10/05/2023 01:16:42 pm,35.850,0.03,-0.04,-0.13
10/05/2023 01:16:42 pm,35.875,0.03,-0.05,-0.11
10/05/2023 01:16:42 pm,35.900,0.03,-0.05,-0.13
10/05/2023 01:16:42 pm,35.925,0.03,-0.05,-0.12
10/05/2023 01:16:42 pm,35.950,0.03,-0.06,-0.10
10/05/2023 01:16:42 pm,35.975,0.02,-0.06,-0.10
10/05/2023 01:16:43 pm,36.000,0.02,-0.06,-0.11
10/05/2023 01:16:43 pm,36.025,0.02,-0.06,-0.11
10/05/2023 01:16:43 pm,36.050,0.02,-0.07,-0.07
10/05/2023 01:16:43 pm,36.075,0.02,-0.07,-0.04
10/05/2023 01:16:43 pm,36.100,0.02,-0.07,-0.02
10/05/2023 01:16:43 pm,36.125,0.01,-0.07,-0.11
10/05/2023 01:16:43 pm,36.150,0.01,-0.07,-0.31
10/05/2023 01:16:43 pm,36.175,0.01,-0.08,-0.41
10/05/2023 01:16:43 pm,36.200,0.01,-0.10,-0.23
10/05/2023 01:16:43 pm,36.225,0.01,-0.10,0.14
10/05/2023 01:16:43 pm,36.250,0.00,-0.09,0.36
10/05/2023 01:16:43 pm,36.275,0.00,-0.07,0.32
10/05/2023 01:16:43 pm,36.300,-2.51E-4,-0.07,0.14
10/05/2023 01:16:43 pm,36.325,0.00,-0.07,0.03
10/05/2023 01:16:43 pm,36.350,0.00,-0.07,0.01
10/05/2023 01:16:43 pm,36.375,-0.01,-0.07,0.02
10/05/2023 01:16:43 pm,36.400,-0.01,-0.07,0.04
10/05/2023 01:16:43 pm,36.425,-0.01,-0.07,0.05
10/05/2023 01:16:43 pm,36.450,-0.01,-0.07,0.07
10/05/2023 01:16:43 pm,36.475,-0.01,-0.06,0.08
10/05/2023 01:16:43 pm,36.500,-0.01,-0.06,0.08
10/05/2023 01:16:43 pm,36.525,-0.02,-0.06,0.08
10/05/2023 01:16:43 pm,36.550,-0.02,-0.06,0.08
10/05/2023 01:16:43 pm,36.575,-0.02,-0.06,0.10
10/05/2023 01:16:43 pm,36.600,-0.02,-0.05,0.11
10/05/2023 01:16:43 pm,36.625,-0.02,-0.05,0.10
10/05/2023 01:16:43 pm,36.650,-0.02,-0.05,0.10
10/05/2023 01:16:43 pm,36.675,-0.02,-0.04,0.11
10/05/2023 01:16:43 pm,36.700,-0.02,-0.04,0.13
10/05/2023 01:16:43 pm,36.725,-0.03,-0.04,0.14
10/05/2023 01:16:43 pm,36.750,-0.03,-0.03,0.15
10/05/2023 01:16:43 pm,36.775,-0.03,-0.03,0.15
10/05/2023 01:16:43 pm,36.800,-0.03,-0.03,0.15
10/05/2023 01:16:43 pm,36.825,-0.03,-0.02,0.14
10/05/2023 01:16:43 pm,36.850,-0.03,-0.02,0.14
10/05/2023 01:16:43 pm,36.875,-0.03,-0.02,0.13
10/05/2023 01:16:43 pm,36.900,-0.03,-0.01,0.13
10/05/2023 01:16:43 pm,36.925,-0.03,-0.01,0.14
10/05/2023 01:16:43 pm,36.950,-0.03,-0.01,0.17
10/05/2023 01:16:43 pm,36.975,-0.03,0.00,0.18
10/05/2023 01:16:44 pm,37.000,-0.03,0.00,0.15
10/05/2023 01:16:44 pm,37.025,-0.03,0.01,0.13
10/05/2023 01:16:44 pm,37.050,-0.03,0.01,0.12
10/05/2023 01:16:44 pm,37.075,-0.03,0.01,0.13
10/05/2023 01:16:44 pm,37.100,-0.03,0.02,0.13
10/05/2023 01:16:44 pm,37.125,-0.03,0.02,0.12
10/05/2023 01:16:44 pm,37.150,-0.03,0.02,0.10
10/05/2023 01:16:44 pm,37.175,-0.03,0.02,0.09
10/05/2023 01:16:44 pm,37.200,-0.03,0.03,0.09
10/05/2023 01:16:44 pm,37.225,-0.03,0.03,0.10
10/05/2023 01:16:44 pm,37.250,-0.03,0.03,0.11
10/05/2023 01:16:44 pm,37.275,-0.02,0.03,0.12
10/05/2023 01:16:44 pm,37.300,-0.02,0.04,0.11
10/05/2023 01:16:44 pm,37.325,-0.02,0.04,0.08
10/05/2023 01:16:44 pm,37.350,-0.02,0.04,0.06
10/05/2023 01:16:44 pm,37.375,-0.02,0.04,0.07
10/05/2023 01:16:44 pm,37.400,-0.02,0.04,0.08
10/05/2023 01:16:44 pm,37.425,-0.02,0.05,0.07
10/05/2023 01:16:44 pm,37.450,-0.02,0.05,0.05
10/05/2023 01:16:44 pm,37.475,-0.02,0.05,0.05
10/05/2023 01:16:44 pm,37.500,-0.01,0.05,0.05
10/05/2023 01:16:44 pm,37.525,-0.01,0.05,0.05
10/05/2023 01:16:44 pm,37.550,-0.01,0.05,0.05
10/05/2023 01:16:44 pm,37.575,-0.01,0.05,0.04
10/05/2023 01:16:44 pm,37.600,-0.01,0.06,0.02
10/05/2023 01:16:44 pm,37.625,-0.01,0.06,0.00
10/05/2023 01:16:44 pm,37.650,-0.01,0.06,-0.02
10/05/2023 01:16:44 pm,37.675,-0.01,0.05,-0.02
10/05/2023 01:16:44 pm,37.700,0.00,0.05,-8.13E-4
10/05/2023 01:16:44 pm,37.725,0.00,0.05,0.02
10/05/2023 01:16:44 pm,37.750,0.00,0.06,-0.01
10/05/2023 01:16:44 pm,37.775,1.07E-4,0.05,-0.05
10/05/2023 01:16:44 pm,37.800,0.00,0.05,-0.06
10/05/2023 01:16:44 pm,37.825,0.00,0.05,0.06
10/05/2023 01:16:44 pm,37.850,0.00,0.05,0.17
10/05/2023 01:16:44 pm,37.875,0.01,0.06,0.05
10/05/2023 01:16:44 pm,37.900,0.01,0.06,-0.18
10/05/2023 01:16:44 pm,37.925,0.01,0.04,-0.19
10/05/2023 01:16:44 pm,37.950,0.01,0.04,0.02
10/05/2023 01:16:44 pm,37.975,0.01,0.06,0.02
10/05/2023 01:16:45 pm,38.000,0.01,0.05,-0.20
10/05/2023 01:16:45 pm,38.025,0.01,0.04,-0.19
10/05/2023 01:16:45 pm,38.050,0.01,0.03,0.04
10/05/2023 01:16:45 pm,38.075,0.02,0.05,0.04
10/05/2023 01:16:45 pm,38.100,0.02,0.05,-0.20
10/05/2023 01:16:45 pm,38.125,0.02,0.03,-0.30
10/05/2023 01:16:45 pm,38.150,0.02,0.03,-0.14
10/05/2023 01:16:45 pm,38.175,0.02,0.03,-0.02
10/05/2023 01:16:45 pm,38.200,0.02,0.03,-0.07
10/05/2023 01:16:45 pm,38.225,0.02,0.02,-0.16
10/05/2023 01:16:45 pm,38.250,0.02,0.02,-0.20
10/05/2023 01:16:45 pm,38.275,0.02,0.01,-0.17
10/05/2023 01:16:45 pm,38.300,0.02,0.01,-0.11
10/05/2023 01:16:45 pm,38.325,0.02,0.01,-0.07
10/05/2023 01:16:45 pm,38.350,0.02,0.01,-0.07
10/05/2023 01:16:45 pm,38.375,0.02,0.00,-0.08
10/05/2023 01:16:45 pm,38.400,0.02,0.00,-0.06
10/05/2023 01:16:45 pm,38.425,0.02,0.00,-0.04
10/05/2023 01:16:45 pm,38.450,0.02,6.51E-5,-0.04
10/05/2023 01:16:45 pm,38.475,0.02,0.00,-0.06
10/05/2023 01:16:45 pm,38.500,0.02,0.00,-0.08
10/05/2023 01:16:45 pm,38.525,0.02,-0.01,-0.07
10/05/2023 01:16:45 pm,38.550,0.02,-0.01,-0.07
10/05/2023 01:16:45 pm,38.575,0.02,-0.01,-0.10
10/05/2023 01:16:45 pm,38.600,0.02,-0.01,-0.14
10/05/2023 01:16:45 pm,38.625,0.02,-0.02,-0.16
10/05/2023 01:16:45 pm,38.650,0.02,-0.02,-0.12
10/05/2023 01:16:45 pm,38.675,0.02,-0.02,-0.03
10/05/2023 01:16:45 pm,38.700,0.02,-0.02,0.05
10/05/2023 01:16:45 pm,38.725,0.02,-0.02,0.06
10/05/2023 01:16:45 pm,38.750,0.02,-0.02,-0.02
10/05/2023 01:16:45 pm,38.775,0.02,-0.02,-0.13
10/05/2023 01:16:45 pm,38.800,0.02,-0.02,-0.18
10/05/2023 01:16:45 pm,38.825,0.02,-0.03,-0.11
10/05/2023 01:16:45 pm,38.850,0.02,-0.03,-0.01
10/05/2023 01:16:45 pm,38.875,0.01,-0.03,-0.09
10/05/2023 01:16:45 pm,38.900,0.01,-0.03,-0.37
10/05/2023 01:16:45 pm,38.925,0.01,-0.05,-0.41
10/05/2023 01:16:45 pm,38.950,0.01,-0.07,-0.06
10/05/2023 01:16:45 pm,38.975,0.01,-0.05,0.30
10/05/2023 01:16:46 pm,39.000,0.01,-0.03,0.21
10/05/2023 01:16:46 pm,39.025,0.01,-0.04,-0.11
10/05/2023 01:16:46 pm,39.050,0.01,-0.05,-0.10
10/05/2023 01:16:46 pm,39.075,0.01,-0.05,0.12
10/05/2023 01:16:46 pm,39.100,0.00,-0.03,0.20
10/05/2023 01:16:46 pm,39.125,0.00,-0.04,0.08
10/05/2023 01:16:46 pm,39.150,0.00,-0.04,-0.01
10/05/2023 01:16:46 pm,39.175,0.00,-0.04,4.14E-4
10/05/2023 01:16:46 pm,39.200,9.07E-4,-0.04,-0.01
10/05/2023 01:16:46 pm,39.225,5.60E-5,-0.04,-0.02
10/05/2023 01:16:46 pm,39.250,-9.85E-4,-0.04,-0.01
10/05/2023 01:16:46 pm,39.275,0.00,-0.04,-4.10E-4
10/05/2023 01:16:46 pm,39.300,0.00,-0.04,0.01
10/05/2023 01:16:46 pm,39.325,0.00,-0.04,0.02
10/05/2023 01:16:46 pm,39.350,0.00,-0.04,0.03
10/05/2023 01:16:46 pm,39.375,-0.01,-0.03,0.02
10/05/2023 01:16:46 pm,39.400,-0.01,-0.03,0.01
10/05/2023 01:16:46 pm,39.425,-0.01,-0.03,0.03
10/05/2023 01:16:46 pm,39.450,-0.01,-0.03,0.06
10/05/2023 01:16:46 pm,39.475,-0.01,-0.03,0.08
10/05/2023 01:16:46 pm,39.500,-0.01,-0.03,0.06
10/05/2023 01:16:46 pm,39.525,-0.01,-0.03,0.04
10/05/2023 01:16:46 pm,39.550,-0.01,-0.03,0.04
10/05/2023 01:16:46 pm,39.575,-0.01,-0.03,0.06
10/05/2023 01:16:46 pm,39.600,-0.01,-0.02,0.08
10/05/2023 01:16:46 pm,39.625,-0.01,-0.02,0.08
10/05/2023 01:16:46 pm,39.650,-0.01,-0.02,0.07
10/05/2023 01:16:46 pm,39.675,-0.01,-0.02,0.05
10/05/2023 01:16:46 pm,39.700,-0.01,-0.02,0.05
10/05/2023 01:16:46 pm,39.725,-0.01,-0.02,0.07
10/05/2023 01:16:46 pm,39.750,-0.02,-0.01,0.08
10/05/2023 01:16:46 pm,39.775,-0.02,-0.01,0.07
10/05/2023 01:16:46 pm,39.800,-0.02,-0.01,0.06
10/05/2023 01:16:46 pm,39.825,-0.02,-0.01,0.07
10/05/2023 01:16:46 pm,39.850,-0.02,-0.01,0.11
10/05/2023 01:16:46 pm,39.875,-0.02,0.00,0.12
10/05/2023 01:16:46 pm,39.900,-0.02,-1.20E-4,0.11
10/05/2023 01:16:46 pm,39.925,-0.02,0.00,0.08
10/05/2023 01:16:46 pm,39.950,-0.02,0.00,0.05
10/05/2023 01:16:46 pm,39.975,-0.02,0.00,0.05
10/05/2023 01:16:47 pm,40.000,-0.02,0.01,0.06
10/05/2023 01:16:47 pm,40.025,-0.02,0.01,0.06
10/05/2023 01:16:47 pm,40.050,-0.02,0.01,0.05
10/05/2023 01:16:47 pm,40.075,-0.02,0.01,0.05
10/05/2023 01:16:47 pm,40.100,-0.02,0.01,0.05
10/05/2023 01:16:47 pm,40.125,-0.01,0.01,0.04
10/05/2023 01:16:47 pm,40.150,-0.01,0.01,0.03
10/05/2023 01:16:47 pm,40.175,-0.01,0.01,0.03
10/05/2023 01:16:47 pm,40.200,-0.01,0.01,0.04
10/05/2023 01:16:47 pm,40.225,-0.01,0.02,0.05
10/05/2023 01:16:47 pm,40.250,-0.01,0.02,0.05
10/05/2023 01:16:47 pm,40.275,-0.01,0.02,0.05
10/05/2023 01:16:47 pm,40.300,-0.01,0.02,0.06
10/05/2023 01:16:47 pm,40.325,-0.01,0.02,0.06
10/05/2023 01:16:47 pm,40.350,-0.01,0.02,0.02
10/05/2023 01:16:47 pm,40.375,-0.01,0.02,-0.01
10/05/2023 01:16:47 pm,40.400,-0.01,0.02,-0.01
10/05/2023 01:16:47 pm,40.425,-0.01,0.02,0.01
10/05/2023 01:16:47 pm,40.450,-0.01,0.02,0.04
10/05/2023 01:16:47 pm,40.475,-0.01,0.02,0.04
10/05/2023 01:16:47 pm,40.500,-0.01,0.03,0.02
10/05/2023 01:16:47 pm,40.525,-0.01,0.03,-0.01
10/05/2023 01:16:47 pm,40.550,-0.01,0.02,-0.02
10/05/2023 01:16:47 pm,40.575,-0.01,0.02,0.00
10/05/2023 01:16:47 pm,40.600,-0.01,0.02,0.02
10/05/2023 01:16:47 pm,40.625,0.00,0.03,0.02
10/05/2023 01:16:47 pm,40.650,0.00,0.03,-0.01
10/05/2023 01:16:47 pm,40.675,0.00,0.02,-0.04
10/05/2023 01:16:47 pm,40.700,0.00,0.02,-0.04
10/05/2023 01:16:47 pm,40.725,0.00,0.02,-0.02
10/05/2023 01:16:47 pm,40.750,0.00,0.02,0.01
10/05/2023 01:16:47 pm,40.775,0.00,0.02,0.00
10/05/2023 01:16:47 pm,40.800,-3.72E-4,0.02,-0.04
10/05/2023 01:16:47 pm,40.825,1.44E-4,0.02,-0.07
10/05/2023 01:16:47 pm,40.850,6.69E-4,0.02,-0.06
10/05/2023 01:16:47 pm,40.875,0.00,0.02,-0.02
10/05/2023 01:16:47 pm,40.900,0.00,0.02,0.01
10/05/2023 01:16:47 pm,40.925,0.00,0.02,0.02
10/05/2023 01:16:47 pm,40.950,0.00,0.02,0.00
10/05/2023 01:16:47 pm,40.975,0.00,0.02,-0.02
10/05/2023 01:16:48 pm,41.000,0.00,0.02,-0.04
10/05/2023 01:16:48 pm,41.025,0.00,0.02,-0.08
10/05/2023 01:16:48 pm,41.050,0.00,0.01,-0.10
10/05/2023 01:16:48 pm,41.075,0.00,0.01,-0.11
10/05/2023 01:16:48 pm,41.100,0.00,0.01,-0.09
10/05/2023 01:16:48 pm,41.125,0.00,0.01,-0.07
10/05/2023 01:16:48 pm,41.150,0.00,0.00,-0.05
10/05/2023 01:16:48 pm,41.175,0.00,0.00,-0.02
10/05/2023 01:16:48 pm,41.200,0.01,0.00,-0.02
10/05/2023 01:16:48 pm,41.225,0.01,0.00,-0.01
10/05/2023 01:16:48 pm,41.250,0.01,0.00,-0.02
10/05/2023 01:16:48 pm,41.275,0.01,0.00,-0.03
10/05/2023 01:16:48 pm,41.300,0.01,0.00,-0.04
10/05/2023 01:16:48 pm,41.325,0.01,6.30E-5,-0.04
10/05/2023 01:16:48 pm,41.350,0.01,0.00,-0.02
10/05/2023 01:16:48 pm,41.375,0.01,0.00,-0.02
10/05/2023 01:16:48 pm,41.400,0.01,0.00,-0.02
10/05/2023 01:16:48 pm,41.425,0.01,0.00,-0.01
10/05/2023 01:16:48 pm,41.450,0.01,0.00,0.01
10/05/2023 01:16:48 pm,41.475,0.01,0.00,0.03
10/05/2023 01:16:48 pm,41.500,0.01,0.00,0.02
10/05/2023 01:16:48 pm,41.525,0.01,0.00,0.00
10/05/2023 01:16:48 pm,41.550,0.01,6.30E-5,-0.02
10/05/2023 01:16:48 pm,41.575,0.01,0.00,-0.03
10/05/2023 01:16:48 pm,41.600,0.01,0.00,-0.02
10/05/2023 01:16:48 pm,41.625,0.00,0.00,0.01
10/05/2023 01:16:48 pm,41.650,0.00,0.00,0.03
10/05/2023 01:16:48 pm,41.675,0.00,0.00,0.02
10/05/2023 01:16:48 pm,41.700,0.00,0.00,0.01
10/05/2023 01:16:48 pm,41.725,0.00,0.00,0.00
10/05/2023 01:16:48 pm,41.750,0.00,0.00,0.00
10/05/2023 01:16:48 pm,41.775,0.00,0.00,0.00
10/05/2023 01:16:48 pm,41.800,0.00,0.00,0.00
10/05/2023 01:16:48 pm,41.825,0.00,0.00,0.00
10/05/2023 01:16:48 pm,41.850,0.00,0.00,0.00
10/05/2023 01:16:48 pm,41.875,0.00,0.00,0.00
10/05/2023 01:16:48 pm,41.900,0.00,0.00,0.00
10/05/2023 01:16:48 pm,41.925,0.00,0.00,4.20E-4
10/05/2023 01:16:48 pm,41.950,0.00,0.00,-0.01
10/05/2023 01:16:48 pm,41.975,0.00,6.29E-5,-0.02
10/05/2023 01:16:49 pm,42.000,0.00,0.00,-0.03
10/05/2023 01:16:49 pm,42.025,0.00,0.00,-0.02
10/05/2023 01:16:49 pm,42.050,0.00,0.00,0.01
10/05/2023 01:16:49 pm,42.075,0.00,0.00,0.03
10/05/2023 01:16:49 pm,42.100,0.00,0.00,0.02
10/05/2023 01:16:49 pm,42.125,0.00,0.00,0.01
10/05/2023 01:16:49 pm,42.150,0.00,0.00,0.00
10/05/2023 01:16:49 pm,42.175,0.00,0.00,0.00
10/05/2023 01:16:49 pm,42.200,0.00,0.00,0.00
10/05/2023 01:16:49 pm,42.225,0.00,0.00,0.00
10/05/2023 01:16:49 pm,42.250,0.00,0.00,0.00
10/05/2023 01:16:49 pm,42.275,0.00,0.00,0.00
10/05/2023 01:16:49 pm,42.300,0.00,0.00,0.00
10/05/2023 01:16:49 pm,42.325,0.00,0.00,-4.19E-4
10/05/2023 01:16:49 pm,42.350,0.00,0.00,0.01
10/05/2023 01:16:49 pm,42.375,0.00,-6.29E-5,0.02
10/05/2023 01:16:49 pm,42.400,0.00,0.00,0.02
10/05/2023 01:16:49 pm,42.425,0.00,0.00,0.01
10/05/2023 01:16:49 pm,42.450,0.00,0.00,-6.79E-7
10/05/2023 01:16:49 pm,42.475,0.00,0.00,4.19E-4
10/05/2023 01:16:49 pm,42.500,0.00,0.00,-0.01
10/05/2023 01:16:49 pm,42.525,0.00,0.00,-0.02
10/05/2023 01:16:49 pm,42.550,0.00,0.00,-0.02
10/05/2023 01:16:49 pm,42.575,0.00,0.00,-0.01
10/05/2023 01:16:49 pm,42.600,0.00,0.00,-0.01
10/05/2023 01:16:49 pm,42.625,0.00,6.29E-5,-0.02
10/05/2023 01:16:49 pm,42.650,0.00,0.00,-0.03
10/05/2023 01:16:49 pm,42.675,0.00,0.00,-0.02
10/05/2023 01:16:49 pm,42.700,0.00,0.00,0.01
10/05/2023 01:16:49 pm,42.725,0.00,0.00,0.03
10/05/2023 01:16:49 pm,42.750,0.00,0.00,0.02
10/05/2023 01:16:49 pm,42.775,0.00,0.00,0.01
10/05/2023 01:16:49 pm,42.800,0.00,0.00,0.00
10/05/2023 01:16:49 pm,42.825,0.00,0.00,0.00
10/05/2023 01:16:49 pm,42.850,0.00,0.00,4.19E-4
10/05/2023 01:16:49 pm,42.875,0.00,0.00,-0.01
10/05/2023 01:16:49 pm,42.900,0.00,6.29E-5,-0.02
10/05/2023 01:16:49 pm,42.925,0.00,0.00,-0.01
10/05/2023 01:16:49 pm,42.950,0.00,0.00,0.01
10/05/2023 01:16:49 pm,42.975,0.00,-6.29E-5,0.03
10/05/2023 01:16:50 pm,43.000,0.00,0.00,0.01
10/05/2023 01:16:50 pm,43.025,0.00,0.00,-0.03
10/05/2023 01:16:50 pm,43.050,0.00,0.00,-0.05
10/05/2023 01:16:50 pm,43.075,0.00,0.00,-0.03
10/05/2023 01:16:50 pm,43.100,0.00,0.00,0.02
10/05/2023 01:16:50 pm,43.125,0.00,0.00,0.05
10/05/2023 01:16:50 pm,43.150,0.00,0.00,0.06
10/05/2023 01:16:50 pm,43.175,0.00,0.00,0.02
10/05/2023 01:16:50 pm,43.200,0.00,0.00,-0.03
10/05/2023 01:16:50 pm,43.225,0.00,6.29E-5,-0.04
10/05/2023 01:16:50 pm,43.250,0.00,0.00,-0.01
10/05/2023 01:16:50 pm,43.275,0.00,-6.29E-5,0.02
10/05/2023 01:16:50 pm,43.300,0.00,0.00,0.01
10/05/2023 01:16:50 pm,43.325,0.00,0.00,-0.03
10/05/2023 01:16:50 pm,43.350,0.00,0.00,-0.05
10/05/2023 01:16:50 pm,43.375,0.00,0.00,-0.03
10/05/2023 01:16:50 pm,43.400,0.00,0.00,0.01
10/05/2023 01:16:50 pm,43.425,0.00,0.00,
10/05/2023 01:16:50 pm,43.450,0.00,0.00,
10/05/2023 01:16:50 pm,43.475,0.00,,
